OBJECTID,POI_ID,SUM_LENGTHKM,MIN_HYDROSEQ,MAX_STARTFLAG,MAX_SO,SUM_TRAV_TIME,MAX_CUMDRAINAG,TOCOMID2,To_POI_ID,PROD_UNIT,tosegment_orig,tosegment_comment,seg_id,tosegment,region,headwaterArea,FTYPE,TOFTYPE,regionOutlet,ToRegion,ToRegionToSegment,seg_id_nat,seg_id_reg,Shape_Length
1,388800,46.867,705900644,0,6,20.39452914,30749.5485,388854,389006,11b,108,,107,108,11,2,StreamRiver,StreamRiver,0,,,33736,107,46866.95863
2,389006,31.566,705900562,0,6,17.98635029,31323.2931,389066,390142,11b,116,,108,116,11,2,StreamRiver,StreamRiver,0,,,33737,108,31566.31994
3,389084,31.065,705900517,0,4,23.77303109,437.9355,389066,390142,11b,116,,109,116,11,2,StreamRiver,StreamRiver,0,,,33738,109,31063.58147
4,389182,20.837,705900373,1,4,22.00312338,224.1477,389190,390146,11b,117,,110,117,11,2,StreamRiver,StreamRiver,0,,,33739,110,20839.07141
5,389614,23.83,705900557,1,2,22.06836908,131.8383,389044,389084,11b,109,,111,109,11,2,StreamRiver,StreamRiver,0,,,33740,111,23829.96892
6,390116,15.924,705900296,0,6,6.656524906,32423.9445,389820,389844,11b,112,,114,112,11,2,StreamRiver,StreamRiver,0,,,33743,114,15907.94146
7,390142,23.883,705900496,0,6,9.903105821,31937.6961,389818,390116,11b,114,,116,114,11,2,StreamRiver,StreamRiver,0,,,33745,116,23881.7939
8,390146,10.956,705900317,0,4,9.599208179,340.6122,389818,390116,11b,114,,117,114,11,2,Connector,StreamRiver,0,,,33746,117,10955.93754
9,912209,13.265,748300282,1,1,23.54599289,22.9914,911779,912577,11d,662,,660,662,11,2,StreamRiver,StreamRiver,0,,,34289,660,13265.11806
10,912213,15.674,748300180,1,1,26.54651149,29.8566,911827,912615,11d,663,,661,663,11,2,StreamRiver,StreamRiver,0,,,34290,661,15674.11209
11,912577,31.317,748300245,0,3,22.85907096,233.82,912583,913761,11d,667,,662,667,11,2,StreamRiver,StreamRiver,0,,,34291,662,31316.07048
12,912615,29.42,748300174,0,2,23.56379676,72.4833,912631,912657,11d,664,,663,664,11,2,StreamRiver,StreamRiver,0,,,34292,663,29420.13193
13,912657,17.562,748300129,0,4,12.59110795,360.6093,913769,912699,11d,666,,664,666,11,2,StreamRiver,StreamRiver,0,,,34293,664,17561.61722
14,912697,31.418,748300181,0,4,19.57714108,909.7506,912701,914163,11d,669,,665,669,11,2,StreamRiver,StreamRiver,0,,,34294,665,31418.56814
15,912699,30.544,748300123,0,4,18.79689638,445.8033,912701,914163,11d,669,,666,669,11,2,StreamRiver,StreamRiver,0,,,34295,666,30544.18042
16,913761,36.211,748300229,0,3,23.70570218,357.2874,912649,912697,11d,665,,667,665,11,2,StreamRiver,StreamRiver,0,,,34296,667,36210.60073
17,914145,35.192,748300089,1,3,23.29743209,578.3571,914157,914165,11d,670,,668,670,11,2,StreamRiver,StreamRiver,0,,,34297,668,35191.69514
18,914163,36.258,748300113,0,5,19.0605045,1514.4282,914173,914231,11d,671,,669,671,11,2,StreamRiver,StreamRiver,0,,,34298,669,36257.62487
19,914165,12.914,748300032,0,4,7.489605474,1207.7091,914173,914231,11d,671,,670,671,11,2,StreamRiver,StreamRiver,0,,,34299,670,12914.81507
20,914231,46.82,748300003,0,5,21.90721805,3641.607,914253,914699,11d,672,,671,672,11,2,StreamRiver,StreamRiver,0,,,34300,671,46820.11979
21,914699,8.795,748300001,0,5,4.056244749,3657.7665,1594255,1594255,11d,1131,,672,1131,11,2,ArtificialPath,ArtificialPath,0,,,34301,672,8795.373587
22,933650,8.492,747900003,0,5,3.678401843,8969.9031,934042,934048,11d,729,,727,729,11,2,StreamRiver,StreamRiver,0,,,34356,727,8492.328161
23,933652,54.824,747900004,0,5,23.99015324,8901.198,933650,933650,11d,727,,728,727,11,2,StreamRiver,StreamRiver,0,,,34357,728,54824.31104
24,934048,2.161,747900001,0,5,0.947796434,8972.9991,1594271,1596435,11d,1141,,729,1141,11,2,ArtificialPath,ArtificialPath,0,,,34358,729,2161.216316
25,934862,17.879,747900199,0,5,8.780192208,7481.322,934870,935308,11d,741,,730,741,11,2,StreamRiver,StreamRiver,0,,,34359,730,17880.19002
26,934968,21.859,747900249,1,2,20.31942323,102.3426,935000,935000,11d,733,,731,733,11,2,StreamRiver,StreamRiver,0,,,34360,731,21859.95213
27,934978,9.674,747900240,0,5,4.538920501,7184.115,934940,934862,11d,730,,732,730,11,2,StreamRiver,StreamRiver,0,,,34361,732,9674.218106
28,935000,9.703,747900247,0,2,7.285439347,146.0772,934996,934978,11d,732,,733,732,11,2,StreamRiver,StreamRiver,0,,,34362,733,9702.595889
29,935018,5.048,747900260,0,5,2.317440298,6962.0904,934996,934978,11d,732,,734,732,11,2,StreamRiver,StreamRiver,0,,,34363,734,5047.544098
30,935026,30.303,747900261,0,4,17.86892746,1093.6458,935018,935018,11d,734,,735,734,11,2,StreamRiver,StreamRiver,0,,,34364,735,30304.15252
31,935056,14.494,747900411,0,5,6.59323854,5860.6839,935018,935018,11d,734,,736,734,11,2,StreamRiver,StreamRiver,0,,,34365,736,14494.28357
32,935058,17.866,747900412,1,3,15.74164565,126.4923,935056,935056,11d,736,,737,736,11,2,StreamRiver,StreamRiver,0,,,34366,737,17865.50109
33,935062,29.147,747900115,0,3,21.01481016,364.1355,935016,935306,11d,740,,738,740,11,2,StreamRiver,StreamRiver,0,,,34367,738,29148.02714
34,935066,8.822,747900422,0,5,4.306121108,5705.3097,935056,935056,11d,736,,739,736,11,2,StreamRiver,StreamRiver,0,,,34368,739,8821.837129
35,935306,34.647,747900051,0,4,22.33818136,727.6788,934842,933652,11d,728,,740,728,11,2,StreamRiver,StreamRiver,0,,,34369,740,34648.48651
36,935308,13.53,747900181,0,5,5.996300555,7581.1203,934842,933652,11d,728,,741,728,11,2,StreamRiver,StreamRiver,0,,,34370,741,13531.25672
37,936832,27.009,747900563,1,3,23.57428052,353.6415,936838,938902,11d,769,,742,769,11,2,StreamRiver,StreamRiver,0,,,34371,742,27008.80007
38,936924,26.017,747900881,1,3,22.25141704,184.2804,936922,936946,11d,744,,743,744,11,2,StreamRiver,StreamRiver,0,,,34372,743,26015.81098
39,936946,12.514,747900860,0,4,9.225869682,324.7056,936962,937172,11d,747,,744,747,11,2,StreamRiver,StreamRiver,0,,,34373,744,12514.50869
40,937022,25.236,747900903,0,5,12.43246187,2192.1759,936962,937172,11d,747,,745,747,11,2,StreamRiver,StreamRiver,0,,,34374,745,25235.10852
41,937080,15.38,747900730,0,5,7.069718888,3500.3646,937052,938954,11d,770,,746,770,11,2,StreamRiver,StreamRiver,0,,,34375,746,15380.67599
42,937172,26.497,747900813,0,5,12.98886056,2904.3243,937200,937080,11d,746,,747,746,11,2,StreamRiver,StreamRiver,0,,,34376,747,26496.48568
43,937176,14.495,747900654,0,4,9.069013317,402.957,937052,938954,11d,770,,748,770,11,2,StreamRiver,StreamRiver,0,,,34377,748,14494.96996
44,937262,5.014,747900745,0,4,3.175499936,430.0209,937200,937080,11d,746,,749,746,11,2,StreamRiver,StreamRiver,0,,,34378,749,5013.620776
45,937284,28.154,747900749,0,4,21.87099326,377.6994,937262,937262,11d,749,,750,749,11,2,StreamRiver,StreamRiver,0,,,34379,750,28154.0091
46,937330,5.541,747900966,0,5,4.788944124,1741.797,937306,938144,11d,757,,751,757,11,2,StreamRiver,StreamRiver,0,,,34380,751,5540.128417
47,937378,31.091,747901190,1,4,22.01780088,830.7369,937384,937408,11d,753,,752,753,11,2,StreamRiver,StreamRiver,0,,,34381,752,31090.61917
48,937408,19.688,747901084,0,4,10.35714465,1319.4468,938208,938192,11d,758,,753,758,11,2,StreamRiver,ArtificialPath,0,,,34382,753,19688.81702
49,937448,31.393,747900671,1,4,23.85762113,330.2586,937382,937176,11d,748,,754,748,11,2,StreamRiver,StreamRiver,0,,,34383,754,31392.60731
50,937560,4.503,747900812,1,1,3.879802882,7.4934,937528,937284,11d,750,,755,750,11,2,StreamRiver,StreamRiver,0,,,34384,755,4502.925155
51,937568,26.28,747901009,1,4,22.12711537,169.1037,937550,938204,11d,759,,756,759,11,2,StreamRiver,StreamRiver,0,,,34385,756,26243.1202
52,938144,4.884,747900934,0,5,2.31676723,1946.6262,938230,937022,11d,745,,757,745,11,2,StreamRiver,StreamRiver,0,,,34386,757,4883.694515
53,938192,3.173,747901066,0,4,2.96931023,1419.9372,938202,937330,11d,751,,758,751,11,2,ArtificialPath,ArtificialPath,0,,,34387,758,3172.924785
54,938204,11.07,747900979,0,4,8.111814985,275.9319,938202,937330,11d,751,,759,751,11,2,ArtificialPath,ArtificialPath,0,,,34388,759,11069.1959
55,938566,22.043,747900434,1,2,20.39461795,108.4527,939500,939500,11d,772,,760,772,11,2,StreamRiver,StreamRiver,0,,,34389,760,22042.93701
56,938612,15.563,747900448,0,5,7.303649673,5517.1566,938594,935066,11d,739,,761,739,11,2,StreamRiver,StreamRiver,0,,,34390,761,15562.89992
57,938722,22.724,747900488,1,3,22.98195603,126.7119,938746,938804,11d,763,,762,763,11,2,StreamRiver,StreamRiver,0,,,34391,762,22724.4315
58,938804,12.649,747900479,0,3,9.025032211,222.4719,938760,938612,11d,761,,763,761,11,2,StreamRiver,StreamRiver,0,,,34392,763,12648.7683
59,938842,10.86,747900508,0,5,4.728364836,5126.6934,938760,938612,11d,761,,764,761,11,2,StreamRiver,StreamRiver,0,,,34393,764,10860.31308
60,938854,25.835,747900172,1,2,22.54432361,136.7712,938848,935062,11d,738,,765,738,11,2,StreamRiver,StreamRiver,0,,,34394,765,25835.71885
61,938868,34.298,747900314,0,4,22.82375981,744.9624,938814,935026,11d,735,,766,735,11,2,StreamRiver,StreamRiver,0,,,34395,766,34297.95263
62,938894,4.624,747900539,0,5,1.949075231,4996.0269,938874,938842,11d,764,,767,764,11,2,StreamRiver,StreamRiver,0,,,34396,767,4624.475641
63,938898,4.555,747900540,0,3,2.708680644,484.6842,938894,938894,11d,767,,768,767,11,2,StreamRiver,StreamRiver,0,,,34397,768,4554.951486
64,938902,16.32,747900547,0,3,10.83652731,456.8103,938904,938898,11d,768,,769,768,11,2,StreamRiver,StreamRiver,0,,,34398,769,16319.38269
65,938954,23.227,747900580,0,5,10.27932752,4497.9147,938894,938894,11d,767,,770,767,11,2,StreamRiver,StreamRiver,0,,,34399,770,23227.97351
66,939070,23.836,747900381,1,3,22.2280894,134.0064,939052,938868,11d,766,,771,766,11,2,StreamRiver,StreamRiver,0,,,34400,771,23836.455
67,939500,11.945,747900430,0,3,8.959162057,154.9026,938594,935066,11d,739,,772,739,11,2,StreamRiver,StreamRiver,0,,,34401,772,11944.69356
68,951131,4.941,749900547,0,6,1.807986363,12252.0483,951127,952713,11d,818,,800,818,11,2,StreamRiver,StreamRiver,0,,,34429,800,35.02324395
69,951541,35.529,749900236,0,4,22.14321805,556.2054,951535,952573,11d,813,,802,813,11,2,StreamRiver,StreamRiver,0,,,34431,802,35529.33886
70,951627,20.098,749900078,0,4,12.89918525,526.9923,951535,952573,11d,813,,803,813,11,2,StreamRiver,StreamRiver,0,,,34432,803,20097.7688
71,951897,30.887,749900146,0,4,22.89397181,368.7327,951873,951627,11d,803,,804,803,11,2,StreamRiver,StreamRiver,0,,,34433,804,30886.87388
72,951919,15.187,749900415,0,3,10.1556315,131.4972,951877,951541,11d,802,,805,802,11,2,StreamRiver,StreamRiver,0,,,34434,805,15186.88354
73,952571,15.122,749900456,0,6,5.554264343,14894.7426,952589,952589,11d,816,,812,816,11,2,ArtificialPath,ArtificialPath,0,,,34441,812,15122.27284
74,952573,29.056,749900034,0,5,17.1346577,1232.1027,952589,952589,11d,816,,813,816,11,2,ArtificialPath,ArtificialPath,0,,,34442,813,29054.78199
75,952579,0.261,749900542,0,5,0.116152088,2410.8678,952715,952571,11d,812,,814,812,11,2,ArtificialPath,ArtificialPath,0,,,34443,814,260.6921775
76,952581,0.081,749900545,0,6,0.026364551,12252.1599,952715,952571,11d,812,,815,812,11,2,ArtificialPath,ArtificialPath,0,,,34444,815,80.61786789
77,952589,7.392,749900033,0,6,2.658056414,16189.6716,952595,952595,11d,817,,816,817,11,2,ArtificialPath,ArtificialPath,0,,,34445,816,7392.238878
78,952595,2.919,749900003,0,6,1.069927544,16322.6025,974880,975006,11d,826,,817,826,11,2,ArtificialPath,ArtificialPath,0,,,34446,817,2918.656542
79,952713,0.261,749900543,0,6,0.701497451,0.0846,952579,952579,11d,814,,818,814,11,2,ArtificialPath,ArtificialPath,0,,,34447,818,260.4603649
80,953351,8.935,749900441,0,2,6.262381711,57.7206,953343,951919,11d,805,,819,805,11,2,StreamRiver,StreamRiver,0,,,34448,819,8935.8289
81,953363,8.295,749900454,1,1,7.547629397,19.3671,953359,953351,11d,819,,820,819,11,2,StreamRiver,StreamRiver,0,,,34449,820,8295.022457
82,954551,9.398,749900235,1,1,7.725514878,10.1979,954545,951897,11d,804,,821,804,11,2,StreamRiver,StreamRiver,0,,,34450,821,9397.841658
83,974520,26.307,748700741,0,4,22.59732678,306.6498,974514,974946,11d,825,,822,825,11,2,StreamRiver,StreamRiver,0,,,34451,822,26306.13361
84,974916,12.765,748700867,0,7,4.418445435,23725.1322,974920,974944,11d,824,,823,824,11,2,ArtificialPath,ArtificialPath,0,,,34452,823,12764.19244
85,974944,14.394,748700801,0,7,7.683653243,24639.5961,974950,976160,11d,830,,824,830,11,2,ArtificialPath,ArtificialPath,0,,,34453,824,14394.65482
86,974946,6.222,748700738,0,4,4.614730239,325.6749,974950,976160,11d,830,,825,830,11,2,ArtificialPath,ArtificialPath,0,,,34454,825,6222.581573
87,975006,13.946,749000001,0,6,5.055571096,18273.1149,974898,974916,11d,823,,826,823,11,2,ArtificialPath,ArtificialPath,0,,,34455,826,13946.11767
88,975452,11.949,748700062,1,1,15.09833592,33.5484,976142,976146,11d,829,,827,829,11,2,StreamRiver,ArtificialPath,0,,,34456,827,11948.85424
89,975692,18.986,748700157,0,4,11.56608561,1326.3903,976198,976196,11d,834,,828,834,11,2,StreamRiver,ArtificialPath,0,,,34457,828,18985.47251
90,976146,9.239,748700060,0,1,14.96555682,221.4756,0,,11d,0,,829,832,11,1,ArtificialPath,,0,,,34458,829,9238.971166
91,976160,14.115,748700714,0,7,4.934345136,25267.9239,976162,976164,11d,831,,830,831,11,2,ArtificialPath,ArtificialPath,0,,,34459,830,14115.137
92,976164,6.213,748700325,0,7,2.112031381,27989.253,976166,976180,11d,832,,831,832,11,2,ArtificialPath,ArtificialPath,0,,,34460,831,6212.507494
93,976180,31.383,748700303,0,7,10.42439587,28629.1935,976200,976200,11d,835,,832,835,11,2,ArtificialPath,ArtificialPath,0,,,34461,832,31383.23332
94,976192,33.041,748700070,0,7,11.69608575,30769.5132,1594255,1594255,11d,1131,,833,1131,11,2,ArtificialPath,ArtificialPath,0,,,34462,833,33040.03413
95,976196,0.053,748700155,0,4,0.053851754,1326.3912,976194,976232,11d,836,,834,836,11,2,ArtificialPath,ArtificialPath,0,,,34463,834,53.4724283
96,976200,2.847,748700299,0,7,1.085419468,28650.4371,976194,976232,11d,836,,835,836,11,2,ArtificialPath,ArtificialPath,0,,,34464,835,2846.970883
97,976232,6.357,748700151,0,7,2.104736909,29998.0323,976214,977546,11d,844,,836,844,11,2,ArtificialPath,ArtificialPath,0,,,34465,836,6356.791202
98,976234,0.92,748700118,0,3,1.259273459,278.0424,976214,977546,11d,844,,837,844,11,2,ArtificialPath,ArtificialPath,0,,,34466,837,919.2237315
99,976640,11.537,748700800,1,1,26.5616929,15.5232,976618,974520,11d,822,,838,822,11,2,StreamRiver,StreamRiver,0,,,34467,838,11537.06711
100,976706,22.352,748700261,1,3,19.96696526,184.9482,976690,977254,11d,843,,839,843,11,2,StreamRiver,StreamRiver,0,,,34468,839,22353.46565
101,977084,8.306,748700120,0,3,6.207613582,271.701,975688,976234,11d,837,,840,837,11,2,StreamRiver,StreamRiver,0,,,34469,840,8306.612271
102,977116,26.332,748700128,0,3,22.2978389,234.7524,977100,977084,11d,840,,841,840,11,2,StreamRiver,StreamRiver,0,,,34470,841,26331.57346
103,977138,33.279,748700160,0,4,21.39526205,1183.4289,977112,975692,11d,828,,842,828,11,2,StreamRiver,StreamRiver,0,,,34471,842,33278.20016
104,977254,33.411,748700214,0,4,23.82683375,496.6587,977532,977138,11d,842,,843,842,11,2,StreamRiver,StreamRiver,0,,,34472,843,33410.10905
105,977546,5.391,748700098,0,7,1.984384909,30446.4897,977550,976192,11d,833,,844,833,11,2,ArtificialPath,ArtificialPath,0,,,34473,844,5391.28446
106,977560,18.205,748700140,1,2,18.98987354,61.8408,977200,977116,11d,841,,845,841,11,2,ArtificialPath,StreamRiver,0,,,34474,845,18205.30342
107,981007,33.494,748700377,0,5,18.28823273,2375.8335,981005,981799,11d,848,,846,848,11,2,StreamRiver,StreamRiver,0,,,34475,846,33495.33834
108,981019,22.572,748700337,0,4,18.14778522,231.2343,981005,981799,11d,848,,847,848,11,2,StreamRiver,StreamRiver,0,,,34476,847,22572.35563
109,981799,17.432,748700330,0,5,9.436866384,2698.0317,981411,981801,11d,849,,848,849,11,2,StreamRiver,StreamRiver,0,,,34477,848,17433.16066
110,981801,1.945,748700327,0,5,1.152024757,2701.3563,976162,976164,11d,831,,849,831,11,2,ArtificialPath,ArtificialPath,0,,,34478,849,1946.048756
111,982269,14.936,748700349,1,4,14.857142,106.4862,982879,982977,11d,856,,850,856,11,2,StreamRiver,StreamRiver,0,,,34479,850,14936.86812
112,982369,38.546,748700427,0,5,20.63487634,1971.6822,982881,981007,11d,846,,851,846,11,2,StreamRiver,StreamRiver,0,,,34480,851,38547.17712
113,982589,23.283,748700547,1,3,22.08417116,123.8616,982597,982919,11d,854,,852,854,11,2,StreamRiver,StreamRiver,0,,,34481,852,23283.36511
114,982607,19.139,748700567,0,4,10.8811556,1223.8992,982565,982369,11d,851,,853,851,11,2,StreamRiver,StreamRiver,0,,,34482,853,19138.37316
115,982919,14.747,748700522,0,4,10.3367912,310.2399,982565,982369,11d,851,,854,851,11,2,StreamRiver,StreamRiver,0,,,34483,854,14746.16693
116,982975,37.709,748700602,0,4,23.40286588,1023.9354,982689,982607,11d,853,,855,853,11,2,StreamRiver,StreamRiver,0,,,34484,855,37709.54932
117,982977,24.265,748700341,0,4,20.20329346,177.6897,982185,981019,11d,847,,856,847,11,2,StreamRiver,StreamRiver,0,,,34485,856,24266.28253
118,984589,32.854,748700657,0,3,21.34122716,485.3997,984963,982975,11d,855,,857,855,11,2,StreamRiver,StreamRiver,0,,,34486,857,32853.9573
119,984651,6.981,748700712,1,1,6.207623156,15.0507,984659,984971,11d,859,,858,859,11,2,StreamRiver,StreamRiver,0,,,34487,858,6981.162968
120,984971,21.912,748700695,0,3,16.76498095,160.3458,984661,984589,11d,857,,859,857,11,2,StreamRiver,StreamRiver,0,,,34488,859,21912.76528
121,987101,23.796,747400581,1,2,20.47809467,154.0665,987099,987691,11d,862,,860,862,11,2,StreamRiver,StreamRiver,0,,,34489,860,23797.91953
122,987597,6.386,747400359,1,4,7.029665659,124.8552,987605,987805,11d,863,,861,863,11,2,StreamRiver,StreamRiver,0,,,34490,861,6385.608136
123,987691,33.977,747400528,0,3,23.39718445,424.0026,987689,988121,11d,864,,862,864,11,2,StreamRiver,StreamRiver,0,,,34491,862,33976.80962
124,987805,40.894,747400263,0,5,22.23127726,1525.6944,987821,991721,11d,867,,863,867,11,2,StreamRiver,StreamRiver,0,,,34492,863,40894.3258
125,988121,38.522,747400434,0,4,23.60566158,785.0565,988265,988145,11d,865,,864,865,11,2,StreamRiver,StreamRiver,0,,,34493,864,38522.86219
126,988145,11.313,747400423,0,4,6.49675078,866.4516,987605,987805,11d,863,,865,863,11,2,StreamRiver,StreamRiver,0,,,34494,865,11313.35032
127,990655,22.94,747400167,1,3,21.36280117,83.3634,990665,992165,11d,869,,866,869,11,2,StreamRiver,StreamRiver,0,,,34495,866,22939.80766
128,991721,45.706,747400201,0,5,23.35094232,2090.6388,991719,992205,11d,871,,867,871,11,2,StreamRiver,StreamRiver,0,,,34496,867,45707.16355
129,992139,25.071,747400073,1,3,23.38808254,108.1251,992653,992585,11d,872,,868,872,11,2,StreamRiver,Connector,0,,,34497,868,25071.4211
130,992165,29.667,747400126,0,4,22.95071801,280.5651,992179,992203,11d,870,,869,870,11,2,StreamRiver,StreamRiver,0,,,34498,869,29667.51719
131,992203,19.038,747400105,0,4,12.81250133,429.6897,992587,992587,11d,873,,870,873,11,2,StreamRiver,StreamRiver,0,,,34499,870,19037.52703
132,992205,32.1,747400188,0,5,15.62520901,2411.5959,992587,992587,11d,873,,871,873,11,2,StreamRiver,StreamRiver,0,,,34500,871,32099.35323
133,992585,23.885,747400025,0,4,16.61161861,663.219,992211,992989,11d,876,,872,876,11,2,StreamRiver,StreamRiver,0,,,34501,872,23885.1925
134,992587,14.251,747400104,0,5,6.787230544,2866.8312,992211,992989,11d,876,,873,876,11,2,StreamRiver,StreamRiver,0,,,34502,873,14250.58483
135,992875,7.928,747400001,0,5,3.483169515,3968.1828,992891,992915,11d,875,,874,875,11,2,StreamRiver,StreamRiver,0,,,34503,874,7927.683556
136,992915,36.471,747100013,0,5,14.60527778,8291.5038,992997,992997,11d,877,,875,877,11,2,StreamRiver,ArtificialPath,0,,,34504,875,36470.71635
137,992989,47.087,747400002,0,5,21.4612017,3943.4229,992875,992875,11d,874,,876,874,11,2,StreamRiver,StreamRiver,0,,,34505,876,47086.79273
138,992997,0.073,747100012,0,5,0.024002822,8291.6172,1596575,1595949,11d,1134,,877,1134,11,2,ArtificialPath,ArtificialPath,0,,,34506,877,72.53679217
139,996262,13.239,747500188,1,2,21.97020792,29.3022,996600,997492,11d,879,,878,879,11,2,StreamRiver,StreamRiver,0,,,34507,878,13239.11443
140,997492,27.481,747500172,0,3,20.68832268,213.9552,997534,997598,11d,880,,879,880,11,2,StreamRiver,StreamRiver,0,,,34508,879,27480.48027
141,997598,37.224,747500056,0,4,22.10347514,1651.7277,997602,998682,11d,881,,880,881,11,2,StreamRiver,StreamRiver,0,,,34509,880,37224.02211
142,998682,45.041,747500027,0,4,23.30815053,2365.4934,997624,998850,11d,882,,881,882,11,2,StreamRiver,StreamRiver,0,,,34510,881,45040.98372
143,998850,46.626,747500020,0,4,22.75144266,2796.0516,999202,999420,11d,883,,882,883,11,2,StreamRiver,StreamRiver,0,,,34511,882,46627.32241
144,999420,33.114,747500004,0,4,15.93143377,3280.0338,999426,999426,11d,884,,883,884,11,2,StreamRiver,StreamRiver,0,,,34512,883,33114.18682
145,999426,31.49,747500001,0,4,15.0035737,3524.1552,992891,992915,11d,875,,884,875,11,2,StreamRiver,StreamRiver,0,,,34513,884,31489.62901
146,1000799,32.061,746700001,0,4,19.41564696,2089.3743,1596279,21247638,11d,3884,,885,3884,11,2,ArtificialPath,ArtificialPath,0,,,34514,885,32061.15872
147,1001395,31.529,746700112,0,4,22.80690548,1178.4285,1001397,1001781,11d,890,,886,890,11,2,StreamRiver,StreamRiver,0,,,34515,886,31529.28939
148,1001433,28.985,746700148,0,4,23.11570263,958.3947,1001425,1001395,11d,886,,887,886,11,2,StreamRiver,StreamRiver,0,,,34516,887,28985.19626
149,1001473,27.96,746700205,0,4,20.32142175,630.5661,1001471,1001433,11d,887,,888,887,11,2,StreamRiver,StreamRiver,0,,,34517,888,27959.0343
150,1001765,33.236,746700041,0,4,23.38921006,1655.7975,1001763,1000799,11d,885,,889,885,11,2,ArtificialPath,ArtificialPath,0,,,34518,889,33236.0587
151,1001781,35,746700094,0,4,22.54144903,1315.9215,1001777,1001765,11d,889,,890,889,11,2,ArtificialPath,ArtificialPath,0,,,34519,890,35000.64184
152,1002085,27.237,746700232,0,3,23.05092918,292.7889,1002087,1001473,11d,888,,891,888,11,2,StreamRiver,StreamRiver,0,,,34520,891,27236.2064
153,1002191,16.457,746700263,1,1,34.59984553,65.8476,1002135,1002085,11d,891,,892,891,11,2,StreamRiver,StreamRiver,0,,,34521,892,16456.81941
154,1005459,26.544,749500228,1,2,22.89055069,78.4665,1005475,1005633,11d,894,,893,894,11,2,StreamRiver,StreamRiver,0,,,34522,893,26545.64317
155,1005633,29.423,749500109,0,4,19.49334853,746.5356,1006111,1006353,11d,898,,894,898,11,2,StreamRiver,StreamRiver,0,,,34523,894,29421.62391
156,1006027,22.09,749500354,1,2,21.79631709,35.1414,1005661,1006291,11d,896,,895,896,11,2,StreamRiver,StreamRiver,0,,,34524,895,22090.79334
157,1006291,31.459,749500269,0,4,23.70648973,336.9312,1006309,1006351,11d,897,,896,897,11,2,StreamRiver,StreamRiver,0,,,34525,896,31458.59932
158,1006351,8.425,749500247,0,4,5.61456433,410.4819,1006361,1006723,11d,899,,897,899,11,2,StreamRiver,StreamRiver,0,,,34526,897,8426.052844
159,1006353,45.327,749500085,0,4,23.29903749,1210.2741,1006361,1006723,11d,899,,898,899,11,2,StreamRiver,StreamRiver,0,,,34527,898,45327.44357
160,1006723,22.786,749500012,0,5,12.26013592,1829.5803,974880,975006,11d,826,,899,826,11,2,ArtificialPath,ArtificialPath,0,,,34528,899,22785.11672
161,1423102,50.895,749100002,0,6,22.85785139,4806.6084,1423104,1423104,11d,999,,998,999,11,2,ArtificialPath,ArtificialPath,0,,,34627,998,50893.54397
162,1423104,0.041,749100001,0,6,0.013756193,4806.6102,974898,974916,11d,823,,999,823,11,2,ArtificialPath,ArtificialPath,0,,,34628,999,40.53715618
163,1423722,12.246,749100723,1,2,10.64876445,38.754,1423732,1423894,11d,1001,,1000,1001,11,2,StreamRiver,StreamRiver,0,,,34629,1000,12245.33859
164,1423894,19.521,749100701,0,4,13.38700265,194.2092,1423898,1423898,11d,1003,,1001,1003,11,2,StreamRiver,StreamRiver,0,,,34630,1001,19521.23357
165,1423896,23.621,749100735,0,4,14.10985694,711.4419,1423898,1423898,11d,1003,,1002,1003,11,2,StreamRiver,StreamRiver,0,,,34631,1002,23621.58817
166,1423898,0.175,749100700,0,5,0.084555089,905.7123,1423906,1425510,11d,1009,,1003,1009,11,2,StreamRiver,StreamRiver,0,,,34632,1003,174.5289746
167,1424118,13.39,749100856,1,1,25.28941562,33.8022,1424024,1424876,11d,1005,,1004,1005,11,2,StreamRiver,StreamRiver,0,,,34633,1004,13389.71712
168,1424876,9.654,749100815,0,4,6.597631458,196.3818,1423954,1423896,11d,1002,,1005,1002,11,2,StreamRiver,StreamRiver,0,,,34634,1005,9653.667397
169,1425308,32.242,749100486,0,5,17.59369033,2236.1103,1425312,1423102,11d,998,,1006,998,11,2,StreamRiver,StreamRiver,0,,,34635,1006,32241.03166
170,1425320,15.209,749100176,0,5,7.508727,1903.0752,1425312,1423102,11d,998,,1007,998,11,2,StreamRiver,StreamRiver,0,,,34636,1007,15209.05098
171,1425458,25.347,749100190,0,5,20.03369764,1849.2273,1425438,1425320,11d,1007,,1008,1007,11,2,StreamRiver,StreamRiver,0,,,34637,1008,25348.12381
172,1425510,42.94,749100557,0,5,23.01311693,1667.2446,1425494,1425308,11d,1006,,1009,1006,11,2,StreamRiver,StreamRiver,0,,,34638,1009,42942.744
173,1425696,26.41,749100318,0,4,15.62354403,998.9154,1425694,1425458,11d,1008,,1010,1008,11,2,StreamRiver,StreamRiver,0,,,34639,1010,26411.98201
174,1425706,9.957,749100266,0,4,6.839933883,400.5585,1425694,1425458,11d,1008,,1011,1008,11,2,StreamRiver,StreamRiver,0,,,34640,1011,9957.349554
175,1425786,31.788,749100280,0,3,23.56114222,285.3027,1425776,1425706,11d,1011,,1012,1011,11,2,StreamRiver,StreamRiver,0,,,34641,1012,31787.5016
176,1425806,34.288,749100363,0,4,20.96816181,680.5152,1425804,1425696,11d,1010,,1013,1010,11,2,StreamRiver,StreamRiver,0,,,34642,1013,34286.25758
177,1426486,5.032,749100485,1,1,3.999655579,16.4736,1426480,1427348,11d,1015,,1014,1015,11,2,StreamRiver,StreamRiver,0,,,34643,1014,5031.816926
178,1427348,15.166,749100469,0,2,10.89572963,139.1913,1426446,1425806,11d,1013,,1015,1013,11,2,StreamRiver,StreamRiver,0,,,34644,1015,15165.66391
179,1427572,12.611,749100317,1,1,27.09582332,20.8341,1427546,1425786,11d,1012,,1016,1012,11,2,StreamRiver,StreamRiver,0,,,34645,1016,12611.47967
180,1528161,3.235,750301147,0,2,2.364498968,75.0789,1528403,1528197,11d,1019,,1017,1019,11,2,StreamRiver,ArtificialPath,0,,,34646,1017,3234.660829
181,1528167,12.937,750301159,1,1,10.80204629,18.378,1528161,1528161,11d,1017,,1018,1017,11,2,StreamRiver,StreamRiver,0,,,34647,1018,12937.17111
182,1528197,12.715,750301110,0,3,9.053964298,217.5345,1528201,1529491,11d,1022,,1019,1022,11,2,StreamRiver,StreamRiver,0,,,34648,1019,12714.78035
183,1528693,9.911,750301269,1,2,9.657192515,14.4117,1528697,1529667,11d,1030,,1020,1030,11,2,StreamRiver,StreamRiver,0,,,34649,1020,9910.930515
184,1529459,6.148,750301054,1,2,9.001781944,18.8451,1531303,1531145,11d,1062,,1021,1062,11,2,StreamRiver,ArtificialPath,0,,,34650,1021,6149.115782
185,1529491,9.181,750301073,0,3,5.681799202,327.708,1529505,1529541,11d,1025,,1022,1025,11,2,StreamRiver,StreamRiver,0,,,34651,1022,9181.02196
186,1529493,5.558,750301032,0,2,3.891222218,61.4196,1529505,1529541,11d,1025,,1023,1025,11,2,StreamRiver,StreamRiver,0,,,34652,1023,5558.706384
187,1529539,5.936,750300994,0,2,4.549211586,51.588,1529547,1529569,11d,1026,,1024,1026,11,2,StreamRiver,StreamRiver,0,,,34653,1024,5935.935791
188,1529541,5.106,750301009,0,3,3.051358145,466.9461,1529547,1529569,11d,1026,,1025,1026,11,2,StreamRiver,StreamRiver,0,,,34654,1025,5105.615428
189,1529569,2.046,750300987,0,3,1.190553321,532.0557,1529577,1529615,11d,1028,,1026,1028,11,2,StreamRiver,StreamRiver,0,,,34655,1026,2046.01829
190,1529573,8.629,750301164,1,1,7.667783798,14.4414,1529691,1529691,11d,1031,,1027,1031,11,2,StreamRiver,StreamRiver,0,,,34656,1027,8629.39226
191,1529615,2.997,750300978,0,3,1.655298199,548.2953,1529617,1529719,11d,1033,,1028,1033,11,2,StreamRiver,StreamRiver,0,,,34657,1028,2996.129583
192,1529631,7.456,750300972,1,2,6.989870443,23.1309,1529617,1529719,11d,1033,,1029,1033,11,2,StreamRiver,StreamRiver,0,,,34658,1029,7455.396834
193,1529667,16.592,750301193,0,4,10.68880749,181.3149,1529671,1529693,11d,1032,,1030,1032,11,2,StreamRiver,StreamRiver,0,,,34659,1030,16592.66375
194,1529691,8.356,750301162,0,2,6.335172359,28.3653,1529721,1529721,11d,1034,,1031,1034,11,2,StreamRiver,StreamRiver,0,,,34660,1031,8356.345326
195,1529693,4.536,750301167,0,4,2.627899416,268.1163,1529721,1529721,11d,1034,,1032,1034,11,2,StreamRiver,StreamRiver,0,,,34661,1032,4535.602984
196,1529719,7.861,750300955,0,3,4.361569497,614.7585,1529727,1529727,11d,1035,,1033,1035,11,2,StreamRiver,StreamRiver,0,,,34662,1033,7861.385753
197,1529721,4.334,750301161,0,4,2.569672621,307.8342,1529727,1529727,11d,1035,,1034,1035,11,2,StreamRiver,StreamRiver,0,,,34663,1034,4333.521355
198,1529727,0.721,750300954,0,4,0.338296122,923.0733,1529729,1529751,11d,1038,,1035,1038,11,2,StreamRiver,StreamRiver,0,,,34664,1035,721.2166067
199,1529737,1.577,750300946,0,2,1.283829403,27.9441,1529729,1529751,11d,1038,,1036,1038,11,2,StreamRiver,StreamRiver,0,,,34665,1036,1577.501246
200,1529743,4.667,750300950,0,2,3.670576994,21.6027,1529739,1529737,11d,1036,,1037,1036,11,2,StreamRiver,StreamRiver,0,,,34666,1037,4666.773467
201,1529751,1.359,750300939,0,4,0.802114949,952.5447,1529755,1529755,11d,1039,,1038,1039,11,2,StreamRiver,StreamRiver,0,,,34667,1038,1359.471022
202,1529755,0.477,750300922,0,4,0.258612018,1018.1412,1529759,1529807,11d,1044,,1039,1044,11,2,StreamRiver,StreamRiver,0,,,34668,1039,477.3642723
203,1529757,0.21,750300923,0,3,0.160441235,64.8927,1529755,1529755,11d,1039,,1040,1039,11,2,StreamRiver,StreamRiver,0,,,34669,1040,210.314741
204,1529783,8.73,750300952,1,1,7.041005307,14.7321,1529743,1529743,11d,1037,,1041,1037,11,2,StreamRiver,StreamRiver,0,,,34670,1041,8729.35994
205,1529787,9.102,750300924,0,3,6.414597784,64.8351,1529757,1529757,11d,1040,,1042,1040,11,2,StreamRiver,StreamRiver,0,,,34671,1042,9101.759164
206,1529805,28.485,750300862,1,4,26.61351175,135.3672,1529819,1529975,11d,1046,,1043,1046,11,2,StreamRiver,StreamRiver,0,,,34672,1043,28486.42737
207,1529807,5.589,750300907,0,4,2.804112174,1082.997,1529819,1529975,11d,1046,,1044,1046,11,2,StreamRiver,StreamRiver,0,,,34673,1044,5588.611559
208,1529829,9.258,750300937,1,1,7.086451098,20.1717,1529797,1529787,11d,1042,,1045,1042,11,2,StreamRiver,StreamRiver,0,,,34674,1045,9258.139496
209,1529975,8.799,750300799,0,5,6.343001495,1316.6028,1529981,1530239,11d,1052,,1046,1052,11,2,StreamRiver,StreamRiver,0,,,34675,1046,8798.631351
210,1529977,0.19,750300800,0,5,0.094893732,1316.7549,1529981,1530239,11d,1052,,1047,1052,11,2,StreamRiver,StreamRiver,0,,,34676,1047,190.0189129
211,1530009,26.856,750300682,1,3,22.52760294,116.3898,1530087,1530241,11d,1053,,1048,1053,11,2,StreamRiver,StreamRiver,0,,,34677,1048,26855.93247
212,1530049,5.133,750300619,1,1,4.955653243,5.7141,1530257,1530257,11d,1054,,1049,1054,11,2,StreamRiver,StreamRiver,0,,,34678,1049,5133.309031
213,1530051,5.761,750300598,1,1,4.903023082,7.6599,1530177,1530177,11d,1051,,1050,1051,11,2,StreamRiver,StreamRiver,0,,,34679,1050,5760.678495
214,1530177,7.474,750300596,0,2,5.925161721,22.4424,1530191,1530429,11d,1055,,1051,1055,11,2,StreamRiver,StreamRiver,0,,,34680,1051,7473.998871
215,1530239,8.71,750300696,0,5,7.822731046,1400.553,1530245,1530431,11d,1056,,1052,1056,11,2,StreamRiver,StreamRiver,0,,,34681,1052,8711.6167
216,1530241,10.845,750300668,0,3,7.985728149,173.9457,1530245,1530431,11d,1056,,1053,1056,11,2,StreamRiver,StreamRiver,0,,,34682,1053,10844.58481
217,1530257,9.533,750300617,0,2,6.818542802,31.2111,1530277,1530441,11d,1057,,1054,1057,11,2,StreamRiver,StreamRiver,0,,,34683,1054,9533.268991
218,1530429,12.476,750300573,0,3,10.25845172,55.3167,1530449,1530473,11d,1059,,1055,1059,11,2,StreamRiver,StreamRiver,0,,,34684,1055,12475.95339
219,1530431,6.357,750300630,0,5,6.589955946,1598.8995,1530437,1530469,11d,1058,,1056,1058,11,2,StreamRiver,StreamRiver,0,,,34685,1056,6356.68892
220,1530441,18.537,750300599,0,3,14.70239514,81.2034,1530449,1530473,11d,1059,,1057,1059,11,2,StreamRiver,StreamRiver,0,,,34686,1057,18538.50124
221,1530469,1.543,750300622,0,5,0.812298245,1603.4643,1530477,1530477,11d,1060,,1058,1060,11,2,StreamRiver,StreamRiver,0,,,34687,1058,1544.493407
222,1530473,3.297,750300570,0,4,2.524490752,138.6945,1530477,1530477,11d,1060,,1059,1060,11,2,StreamRiver,StreamRiver,0,,,34688,1059,3296.862481
223,1530477,0.254,750300569,0,5,0.122859203,1742.2587,1530483,1530529,11d,1061,,1060,1061,11,2,StreamRiver,StreamRiver,0,,,34689,1060,254.3620911
224,1530529,1.608,750300546,0,5,0.900662254,1768.5234,1530531,1531851,11d,1064,,1061,1064,11,2,StreamRiver,StreamRiver,0,,,34690,1061,1607.598318
225,1531145,6.855,750301042,0,2,4.858474333,41.3991,1529463,1529493,11d,1023,,1062,1023,11,2,StreamRiver,StreamRiver,0,,,34691,1062,6853.973367
226,1531159,11.959,750300996,1,2,11.35830037,28.3554,1529539,1529539,11d,1024,,1063,1024,11,2,StreamRiver,StreamRiver,0,,,34692,1063,11958.89911
227,1531851,25.716,750300216,0,5,22.76042082,2194.8579,1531865,1531919,11d,1065,,1064,1065,11,2,StreamRiver,StreamRiver,0,,,34693,1064,25718.0695
228,1531919,1.662,750300205,0,5,0.875082338,2199.9906,1531943,1532253,11d,1066,,1065,1066,11,2,StreamRiver,StreamRiver,0,,,34694,1065,1661.572426
229,1532253,19.854,750300003,0,5,16.93464306,2408.0346,1532527,1534879,11d,1067,,1066,1067,11,2,StreamRiver,ArtificialPath,0,,,34695,1066,19853.88886
230,1534879,1.941,750300001,0,5,0.887027221,2410.7319,952579,952579,11d,814,,1067,814,11,2,ArtificialPath,ArtificialPath,0,,,34696,1067,1940.328442
231,1593023,25.054,747800103,1,2,23.20130461,219.4578,1591943,1593697,11d,1127,,1126,1127,11,2,Connector,StreamRiver,0,,,34755,1126,25054.94687
232,1593697,25.798,747800075,0,4,20.43723195,511.326,1593711,1593749,11d,1128,,1127,1128,11,2,StreamRiver,StreamRiver,0,,,34756,1127,25798.88609
233,1593749,31.616,747800019,0,4,22.44881025,1262.3337,1593753,1594253,11d,1130,,1128,1130,11,2,StreamRiver,StreamRiver,0,,,34757,1128,31614.96378
234,1594241,25.314,747000339,0,5,17.55044171,1243.962,1601335,1596433,11d,1140,,1129,1140,11,2,StreamRiver,StreamRiver,0,,,34758,1129,25314.67241
235,1594253,26.178,747800006,0,4,17.14571092,1826.8686,1594283,1594283,11d,1133,,1130,1133,11,2,ArtificialPath,ArtificialPath,0,,,34759,1130,26178.18101
236,1594255,3.436,747800120,0,7,1.053623444,34433.5536,1594283,1594283,11d,1133,,1131,1133,11,2,ArtificialPath,ArtificialPath,0,,,34760,1131,3436.007866
237,1594269,4.681,747800001,0,7,1.490344188,36368.847,1594271,1596435,11d,1141,,1132,1141,11,2,ArtificialPath,ArtificialPath,0,,,34761,1132,4680.604859
238,1594283,7.04,747800005,0,7,2.147958019,36331.1388,1594257,1594269,11d,1132,,1133,1132,11,2,ArtificialPath,ArtificialPath,0,,,34762,1133,7040.104072
239,1595949,0.608,746600306,0,7,0.2563533,59586.3226,1595953,1596547,11d,1142,,1134,1142,11,2,ArtificialPath,ArtificialPath,0,,,34763,1134,608.4563535
240,1595951,6.697,746600301,0,7,5.36297986,51294.3058,1595953,1596547,11d,1142,,1135,1142,11,2,ArtificialPath,ArtificialPath,0,,,34764,1135,6697.283179
241,1596083,35.223,747000100,0,7,12.18307681,50487.0418,1596159,1595951,11d,1135,,1136,1135,11,2,ArtificialPath,ArtificialPath,0,,,34765,1136,35223.34587
242,1596153,10.253,747000205,0,7,3.140982864,47851.2198,1596151,1596083,11d,1136,,1137,1136,11,2,ArtificialPath,ArtificialPath,0,,,34766,1137,10252.98617
243,1596155,26.143,747000135,0,4,21.19359628,506.8791,1596151,1596083,11d,1136,,1138,1136,11,2,ArtificialPath,ArtificialPath,0,,,34767,1138,26143.3371
244,1596199,9.181,747000328,0,7,2.661584177,47150.7741,1596475,1596153,11d,1137,,1139,1137,11,2,ArtificialPath,ArtificialPath,0,,,34768,1139,9180.504459
245,1596433,14.272,747000332,0,5,12.48654464,1302.6726,1596439,1596199, ,1139,,1140,1139,11,2,ArtificialPath,ArtificialPath,0,,,34769,1140,14272.17243
246,1596435,22.446,747000447,0,7,13.25167968,45803.2995,1596439,1596199,11d,1139,,1141,1139,11,2,ArtificialPath,ArtificialPath,0,,,34770,1141,22444.88678
247,1596547,37.227,746600001,0,7,29.96883188,60661.8991,1596279,21247638,11d,3884,,1142,3884,11,2,ArtificialPath,ArtificialPath,0,,,34771,1142,37223.29197
248,1597285,20.841,747000342,0,5,14.72718116,1102.3902,1597273,1594241,11d,1129,,1143,1129,11,2,StreamRiver,StreamRiver,0,,,34772,1143,20840.69459
249,1597321,6.032,747000395,0,4,4.69917434,509.8518,1597317,1597285,11d,1143,,1144,1143,11,2,StreamRiver,StreamRiver,0,,,34773,1144,6031.945447
250,1597339,25.027,747000399,0,4,21.17184162,466.6257,1597333,1597321,11d,1144,,1145,1144,11,2,StreamRiver,StreamRiver,0,,,34774,1145,25027.29788
251,1597345,28.157,747000348,0,4,22.67589039,433.8648,1597317,1597285,11d,1143,,1146,1143,11,2,StreamRiver,StreamRiver,0,,,34775,1146,28157.0888
252,1597391,17.197,747000426,1,3,17.05550268,150.8274,1597379,1597339,11d,1145,,1147,1145,11,2,StreamRiver,StreamRiver,0,,,34776,1147,17196.90409
253,1597713,23.931,747000373,1,3,22.93684684,149.9472,1597709,1597345,11d,1146,,1148,1146,11,2,StreamRiver,StreamRiver,0,,,34777,1148,23931.91661
254,1598057,20.003,747000196,1,2,21.05896786,86.8032,1598011,1598471,11d,1150,,1149,1150,11,2,StreamRiver,StreamRiver,0,,,34778,1149,20003.22963
255,1598471,25.491,747000147,0,4,22.26167989,406.0332,1597863,1596155,11d,1138,,1150,1138,11,2,StreamRiver,StreamRiver,0,,,34779,1150,25491.4386
256,1601391,0.045,747000001,0,7,0.019987182,51294.3076,1596575,1595949,11d,1134,,1151,1134,11,2,ArtificialPath,ArtificialPath,0,,,34780,1151,45.38293408
257,13811176,29.247,706300001,0,5,18.75880497,4974.2622,388678,388800,11b,107,,2536,107,11,2,StreamRiver,StreamRiver,0,,,36165,2536,29246.16967
258,13812194,10.997,706300620,0,4,7.168948237,2142.2043,13812196,13812924,11b,2542,,2537,2542,11,2,StreamRiver,StreamRiver,0,,,36166,2537,10996.81377
259,13812564,20.242,706300125,0,5,12.70299642,4542.4197,13812524,13811176,11b,2536,,2538,2536,11,2,StreamRiver,StreamRiver,0,,,36167,2538,20241.95582
260,13812622,20.839,706300284,1,4,23.93553063,166.977,13813394,13813328,11b,2544,,2539,2544,11,2,StreamRiver,StreamRiver,0,,,36168,2539,20838.90418
261,13812756,0.801,706300247,0,5,0.79549597,4000.8015,13812752,13812564,11b,2538,,2540,2538,11,2,StreamRiver,StreamRiver,0,,,36169,2540,800.5240264
262,13812760,17.664,706300169,1,4,17.83801571,243.603,13812752,13812564,11b,2538,,2541,2538,11,2,StreamRiver,StreamRiver,0,,,36170,2541,17664.00351
263,13812924,35.054,706300566,0,4,21.81880518,3036.3948,13813332,13813406,11b,2547,,2542,2547,11,2,StreamRiver,StreamRiver,0,,,36171,2542,35054.36008
264,13813062,17.571,706300414,1,4,20.82932229,74.7297,13813342,13813342,11b,2546,,2543,2546,11,2,StreamRiver,StreamRiver,0,,,36172,2543,17571.64768
265,13813328,8.834,706300248,0,4,7.688571578,243.2286,13812756,13812756,11b,2540,,2544,2540,11,2,StreamRiver,StreamRiver,0,,,36173,2544,8833.139649
266,13813330,18.289,706300368,0,5,10.75342848,3757.2174,13812756,13812756,11b,2540,,2545,2540,11,2,StreamRiver,StreamRiver,0,,,36174,2545,18291.13845
267,13813342,6.618,706300410,0,4,6.446427256,90.6957,13812850,13813330,11b,2545,,2546,2545,11,2,StreamRiver,StreamRiver,0,,,36175,2546,6617.665068
268,13813406,11.354,706300451,0,4,7.421861209,3512.9475,13812850,13813330,11b,2545,,2547,2545,11,2,StreamRiver,StreamRiver,0,,,36176,2547,11353.01204
269,13818431,19.945,707100099,1,2,21.71451806,834.9705,13818775,13818467,11b,2550,,2548,2550,11,2,StreamRiver,StreamRiver,0,,,36177,2548,19944.90403
270,13818451,32.517,707100032,0,3,22.07968545,1810.3995,13818443,13812194,11b,2537,,2549,2537,11,2,StreamRiver,StreamRiver,0,,,36178,2549,32517.15093
271,13818467,30.836,707100073,0,3,21.261526,1288.1952,13818469,13818451,11b,2549,,2550,2549,11,2,StreamRiver,StreamRiver,0,,,36179,2550,30837.69471
272,13821654,4.75,707501139,0,4,5.317145303,595.4823,13821632,13821722,11b,2552,,2551,2552,11,2,StreamRiver,StreamRiver,0,,,36180,2551,4751.180483
273,13821722,13.445,707501076,0,6,5.889034791,21589.1775,13824404,13823950,11b,2561,,2552,2561,11,2,StreamRiver,StreamRiver,0,,,36181,2552,13445.15994
274,13821746,4.86,707501000,0,4,4.957469111,69.561,13824404,13823950,11b,2561,,2553,2561,11,2,StreamRiver,StreamRiver,0,,,36182,2553,4859.841929
275,13821756,23.653,707501147,0,4,23.18333977,584.7759,13821750,13821654,11b,2551,,2554,2551,11,2,StreamRiver,StreamRiver,0,,,36183,2554,23651.82262
276,13822274,27.691,707500393,0,4,18.45833831,1671.6663,13822166,13825172,11b,2575,,2555,2575,11,2,StreamRiver,StreamRiver,0,,,36184,2555,27691.04099
277,13822364,9.458,707500328,0,4,9.237735899,107.5689,13822166,13825172,11b,2575,,2556,2575,11,2,StreamRiver,StreamRiver,0,,,36185,2556,9457.706
278,13822732,17.808,707500363,1,3,23.01925459,47.9439,13822660,13822364,11b,2556,,2557,2556,11,2,StreamRiver,StreamRiver,0,,,36186,2557,17809.57972
279,13822966,22.718,707501434,1,3,23.96385303,124.3008,13822968,13824428,11b,2563,,2558,2563,11,2,StreamRiver,StreamRiver,0,,,36187,2558,22718.90908
280,13823182,31.475,707500576,0,4,22.86777679,1305.9126,13823132,13822274,11b,2555,,2559,2555,11,2,StreamRiver,StreamRiver,0,,,36188,2559,31475.37616
281,13823948,8.102,707501477,0,6,4.076561495,20839.3002,13821632,13821722,11b,2552,,2560,2552,11,2,StreamRiver,StreamRiver,0,,,36189,2560,8102.658091
282,13823950,43.181,707500760,0,6,21.33260536,22368.7035,13824654,13824654,11b,2564,,2561,2564,11,2,StreamRiver,StreamRiver,0,,,36190,2561,43181.46336
283,13823980,17.132,707501032,1,3,22.23234972,38.6757,13821854,13821746,11b,2553,,2562,2553,11,2,StreamRiver,StreamRiver,0,,,36191,2562,17131.66923
284,13824428,23.031,707501264,0,4,20.26198749,447.0039,13822566,13821756,11b,2554,,2563,2554,11,2,StreamRiver,StreamRiver,0,,,36192,2563,23032.44641
285,13824654,12.729,707500759,0,6,5.653431905,22456.3077,13825174,13824734,11b,2565,,2564,2565,11,2,StreamRiver,StreamRiver,0,,,36193,2564,12728.80116
286,13824734,22.075,707500270,0,6,10.3307561,24598.3905,13824758,13825178,11b,2576,,2565,2576,11,2,StreamRiver,StreamRiver,0,,,36194,2565,22075.08056
287,13824754,9.677,707500130,0,4,8.065518512,294.0003,13824758,13825178,11b,2576,,2566,2576,11,2,StreamRiver,StreamRiver,0,,,36195,2566,9677.398932
288,13824764,0.175,707500067,0,4,0.403545214,112.6116,13824768,13824768,11b,2568,,2567,2568,11,2,StreamRiver,StreamRiver,0,,,36196,2567,175.1159468
289,13824768,0.461,707500065,0,6,0.185162397,24917.6493,13824778,13824824,11b,2571,,2568,2571,11,2,StreamRiver,StreamRiver,0,,,36197,2568,461.4299722
290,13824772,0.583,707500064,0,4,0.708890986,113.9751,13824778,13824824,11b,2571,,2569,2571,11,2,StreamRiver,StreamRiver,0,,,36198,2569,582.918665
291,13824780,20.616,707500132,0,4,19.96115184,269.2053,13824754,13824754,11b,2566,,2570,2566,11,2,StreamRiver,StreamRiver,0,,,36199,2570,20617.02869
292,13824824,37.395,707500005,0,6,22.20005934,25292.7567,13824832,13824856,11b,2572,,2571,2572,11,2,StreamRiver,StreamRiver,0,,,36200,2571,37395.04337
293,13824856,3.621,707500001,0,6,2.385531803,25305.1605,388678,388800,11b,107,,2572,107,11,2,StreamRiver,StreamRiver,0,,,36201,2572,3620.507195
294,13824860,18.516,707500071,1,4,22.59976069,100.6839,13825182,13825182,11b,2577,,2573,2577,11,2,StreamRiver,StreamRiver,0,,,36202,2573,18516.78518
295,13825010,18.324,707500205,1,4,23.14929587,85.9959,13825012,13824780,11b,2570,,2574,2570,11,2,StreamRiver,StreamRiver,0,,,36203,2574,18326.02443
296,13825172,13.564,707500317,0,5,8.784987913,1827.1845,13825174,13824734,11b,2565,,2575,2565,11,2,StreamRiver,StreamRiver,0,,,36204,2575,13564.19723
297,13825178,3.573,707500066,0,6,1.56194428,24917.5287,13824768,13824768,11b,2568,,2576,2568,11,2,StreamRiver,StreamRiver,0,,,36205,2576,3573.35695
298,13825182,3.402,707500069,0,4,3.297835087,110.2284,13824762,13824764,11b,2567,,2577,2567,11,2,StreamRiver,StreamRiver,0,,,36206,2577,3401.642393
299,13827112,30.012,707500749,0,2,22.13791164,698.5854,13827110,13823182,11b,2559,,2578,2559,11,2,StreamRiver,StreamRiver,0,,,36207,2578,30012.15128
300,13827354,25.697,707500758,1,1,37.99597216,577.3536,13827132,13827112,11b,2578,,2579,2578,11,2,StreamRiver,StreamRiver,0,,,36208,2579,25697.2181
301,13835317,34.682,707900603,0,3,20.75310202,4251.2265,13835279,13835939,11b,2581,,2580,2581,11,2,StreamRiver,StreamRiver,0,,,36209,2580,34680.7798
302,13835939,19.201,707900480,0,4,12.77634966,5027.1174,13835937,13853717,11b,2605,,2581,2605,11,2,StreamRiver,StreamRiver,0,,,36210,2581,19200.12786
303,13835947,9.979,707900416,0,4,10.28919261,124.065,13835937,13853717,11b,2605,,2582,2605,11,2,StreamRiver,StreamRiver,0,,,36211,2582,9979.634482
304,13836003,18.717,707900456,1,3,22.80990429,65.6928,13835991,13835947,11b,2582,,2583,2582,11,2,StreamRiver,StreamRiver,0,,,36212,2583,18717.9352
305,13837919,34.546,707900627,0,3,21.40147086,3775.9698,13837917,13835317,11b,2580,,2584,2580,11,2,StreamRiver,StreamRiver,0,,,36213,2584,34546.26802
306,13837931,6.471,707900648,0,3,4.058964224,2936.2887,13838987,13837919,11b,2584,,2585,2584,11,2,StreamRiver,StreamRiver,0,,,36214,2585,6470.809668
307,13837941,33.228,707900650,0,3,21.474831,2850.8706,13837931,13837931,11b,2585,,2586,2585,11,2,StreamRiver,StreamRiver,0,,,36215,2586,33227.94915
308,13837971,30.214,707900684,0,2,22.39767736,1376.4051,13837945,13837941,11b,2586,,2587,2586,11,2,StreamRiver,StreamRiver,0,,,36216,2587,30214.20564
309,13841013,31.208,707900707,0,2,23.92811336,887.7051,13837975,13837971,11b,2587,,2588,2587,11,2,StreamRiver,StreamRiver,0,,,36217,2588,31208.68621
310,13841055,24.978,707900728,0,2,19.9447813,556.6014,13841057,13841013,11b,2588,,2589,2588,11,2,StreamRiver,StreamRiver,0,,,36218,2589,24977.7499
311,13841069,22.996,707900742,1,1,20.68159418,309.2238,13841067,13841055,11b,2589,,2590,2589,11,2,StreamRiver,StreamRiver,0,,,36219,2590,22996.30185
312,13845843,29.844,708300196,0,3,22.87121746,1064.7405,13845865,13845885,11b,2592,,2591,2592,11,2,StreamRiver,StreamRiver,0,,,36220,2591,29843.20515
313,13845885,11.793,708300081,0,4,8.193227641,4872.5145,13845861,13846113,11b,2594,,2592,2594,11,2,StreamRiver,StreamRiver,0,,,36221,2592,11793.96292
314,13846093,9.159,708300001,0,4,5.204894615,5094.5589,13852599,13855683,11b,2606,,2593,2606,11,2,ArtificialPath,ArtificialPath,0,,,36222,2593,9159.557375
315,13846113,17.781,708300016,0,4,10.14360373,5055.8985,13846107,13846093,11b,2593,,2594,2593,11,2,StreamRiver,ArtificialPath,0,,,36223,2594,17782.871
316,13846337,17.396,708300291,1,1,34.12563758,266.5953,13848387,13848387,11b,2597,,2595,2597,11,2,StreamRiver,StreamRiver,0,,,36224,2595,17396.41302
317,13847311,23.118,708300271,0,2,18.23602534,733.8717,13847309,13845843,11b,2591,,2596,2591,11,2,StreamRiver,StreamRiver,0,,,36225,2596,23118.61485
318,13848387,36.935,708300290,0,1,30.09728805,560.8539,13848403,13847311,11b,2596,,2597,2596,11,2,StreamRiver,ArtificialPath,0,,,36226,2597,36935.21154
319,13852481,1.65,707900788,0,5,0.710910687,13110.0138,13852483,13853715,11b,2604,,2598,2604,11,2,StreamRiver,StreamRiver,0,,,36227,2598,1649.88168
320,13852489,1.694,707900786,0,5,2.670271451,3.6711,13852483,13853715,11b,2604,,2599,2604,11,2,StreamRiver,StreamRiver,0,,,36228,2599,1693.635643
321,13852555,33.142,708200024,0,5,16.93192191,7941.7206,13852583,13852595,11b,2601,,2600,2601,11,2,StreamRiver,ArtificialPath,0,,,36229,2600,33143.57668
322,13852595,8.156,708200001,0,5,3.746733313,8000.5023,13852599,13855683,11b,2606,,2601,2606,11,2,ArtificialPath,ArtificialPath,0,,,36230,2601,8155.058531
323,13853161,22.855,707900001,0,6,10.65221448,20721.0114,13821638,13823948,11b,2560,,2602,2560,11,2,StreamRiver,StreamRiver,0,,,36231,2602,22855.83324
324,13853163,43.014,707900137,0,6,22.96520005,20405.3922,13853173,13853161,11b,2602,,2603,2602,11,2,StreamRiver,StreamRiver,0,,,36232,2603,43014.7138
325,13853715,18.317,707900747,0,5,8.624371795,13293.3627,13853703,13853163,11b,2603,,2604,2603,11,2,StreamRiver,StreamRiver,0,,,36233,2604,18315.39698
326,13853717,1.561,707900409,0,5,1.43766805,5155.0749,13853703,13853163,11b,2603,,2605,2603,11,2,StreamRiver,StreamRiver,0,,,36234,2605,1560.63449
327,13855683,0.676,707900787,0,5,1.109274517,13106.2491,13852489,13852489,11b,2599,,2606,2599,11,2,ArtificialPath,StreamRiver,0,,,36235,2606,676.3858266
328,13855693,0.119,707900789,0,5,0.099006724,13106.2797,13852481,13852481,11b,2598,,2607,2598,11,2,ArtificialPath,StreamRiver,0,,,36236,2607,118.6178108
329,13858300,30.368,709100670,0,4,23.46698556,389.6226,13859042,13858416,11b,2610,,2608,2610,11,2,StreamRiver,StreamRiver,0,,,36237,2608,30368.83487
330,13858398,32.353,709100550,0,4,21.7156025,1010.6154,13858382,13860332,11b,2615,,2609,2615,11,2,StreamRiver,StreamRiver,0,,,36238,2609,32353.47754
331,13858416,32.274,709100591,0,4,23.49280442,843.4305,13858482,13858398,11b,2609,,2610,2609,11,2,StreamRiver,StreamRiver,0,,,36239,2610,32272.35997
332,13859128,24.292,709100701,1,4,22.04113918,143.4312,13858408,13858300,11b,2608,,2611,2608,11,2,ArtificialPath,StreamRiver,0,,,36240,2611,24292.68579
333,13859380,22.018,708700157,1,3,23.0307734,563.5548,13859394,13860596,11b,2616,,2612,2616,11,2,StreamRiver,StreamRiver,0,,,36241,2612,22019.10819
334,13859502,20.514,709100269,1,2,21.14211009,170.7309,13859520,13861166,11b,2619,,2613,2619,11,2,StreamRiver,StreamRiver,0,,,36242,2613,20514.16907
335,13860330,36.824,709100351,0,4,23.13638113,2453.1948,13865124,13865156,11b,2626,,2614,2626,11,2,StreamRiver,ArtificialPath,0,,,36243,2614,36825.00275
336,13860332,36.327,709100484,0,4,23.43429849,1318.7502,13860334,13865180,11b,2627,,2615,2627,11,2,StreamRiver,StreamRiver,0,,,36244,2615,36328.23091
337,13860596,33.184,708700087,0,4,23.97785567,818.199,13860600,13860776,11b,2617,,2616,2617,11,2,StreamRiver,StreamRiver,0,,,36245,2616,33183.68878
338,13860776,30.124,708700005,0,4,19.61783819,1205.0847,13861378,13861378,11b,2623,,2617,2623,11,2,StreamRiver,StreamRiver,0,,,36246,2617,30124.44846
339,13860962,27.376,709100087,0,5,15.42820004,5519.9943,13860912,13861422,11b,2625,,2618,2625,11,2,StreamRiver,StreamRiver,0,,,36247,2618,27376.45824
340,13861166,26.621,709100245,0,3,22.50500232,315.0783,13861182,13861232,11b,2620,,2619,2620,11,2,StreamRiver,StreamRiver,0,,,36248,2619,26620.08756
341,13861232,20.965,709100215,0,4,16.27841306,513.8199,13861230,13860962,11b,2618,,2620,2618,11,2,StreamRiver,StreamRiver,0,,,36249,2620,20966.50182
342,13861238,10.285,709100286,0,4,5.463540645,4346.7579,13861230,13860962,11b,2618,,2621,2618,11,2,StreamRiver,StreamRiver,0,,,36250,2621,10285.02173
343,13861260,40.558,709100307,0,4,21.46363314,4121.1234,13861266,13861238,11b,2621,,2622,2621,11,2,StreamRiver,StreamRiver,0,,,36251,2622,40558.08746
344,13861378,6.91,708700001,0,4,4.396513383,1230.0228,13852323,13852555,11b,2600,,2623,2600,11,2,StreamRiver,StreamRiver,0,,,36252,2623,6909.719671
345,13861420,2.227,709100001,0,5,1.076352224,5837.553,13852323,13852555,11b,2600,,2624,2600,11,2,StreamRiver,StreamRiver,0,,,36253,2624,2227.39525
346,13861422,16.296,709100027,0,5,8.276225799,5636.3904,13861382,13861420,11b,2624,,2625,2624,11,2,StreamRiver,StreamRiver,0,,,36254,2625,16298.03441
347,13865156,30.079,709100332,0,4,16.20277264,3731.3181,13861498,13861260,11b,2622,,2626,2622,11,2,Connector,StreamRiver,0,,,36255,2626,30079.69573
348,13865180,30.3,709100390,0,4,17.32443114,2257.0524,13860324,13860330,11b,2614,,2627,2614,11,2,ArtificialPath,StreamRiver,0,,,36256,2627,30299.95299
349,20070881,37.333,735900049,0,5,23.57387392,3830.6259,20070883,20073109,11d,3068,,3063,3068,11,2,StreamRiver,StreamRiver,0,,,36692,3063,37332.03844
350,20071835,18.643,736200077,0,3,15.47644304,304.5681,20072885,20072885,11d,3067,,3064,3067,11,2,StreamRiver,StreamRiver,0,,,36693,3064,18643.06674
351,20071839,19.003,736200079,0,3,18.71267428,214.7499,20071835,20071835,11d,3064,,3065,3064,11,2,StreamRiver,StreamRiver,0,,,36694,3065,19002.28315
352,20071845,12.239,736200087,1,1,31.80026885,39.3453,20072891,20071839,11d,3065,,3066,3065,11,2,StreamRiver,StreamRiver,0,,,36695,3066,12238.57514
353,20072885,10.49,736200075,0,3,8.532212588,337.4532,20072881,20073179,11d,3071,,3067,3071,11,2,StreamRiver,StreamRiver,0,,,36696,3067,10489.88823
354,20073109,35.999,735900021,0,5,23.46431886,4930.1379,20073113,20073117,11d,3069,,3068,3069,11,2,StreamRiver,StreamRiver,0,,,36697,3068,35998.39221
355,20073117,8.58,735900015,0,5,4.883465205,4969.6461,21095377,21096395,11d,3572,,3069,3572,11,2,StreamRiver,StreamRiver,0,,,36698,3069,8579.177269
356,20073167,24.124,736200007,0,4,17.41651911,1507.6287,20073623,20073623,11d,3073,,3070,3073,11,2,StreamRiver,StreamRiver,0,,,36699,3070,24124.23289
357,20073179,26.988,736200057,0,4,20.73037994,586.0494,20073185,20073631,11d,3074,,3071,3074,11,2,StreamRiver,StreamRiver,0,,,36700,3071,26988.36279
358,20073613,15.434,736200001,0,4,11.08370434,1727.9766,20073089,20070881,11d,3063,,3072,3063,11,2,StreamRiver,StreamRiver,0,,,36701,3072,15434.7063
359,20073623,26.44,736200005,0,4,18.68989439,1572.471,20073119,20073613,11d,3072,,3073,3072,11,2,StreamRiver,StreamRiver,0,,,36702,3073,26439.83665
360,20073631,32.079,736200040,0,4,23.92363212,1016.6472,20073629,20073167,11d,3070,,3074,3070,11,2,StreamRiver,StreamRiver,0,,,36703,3074,32080.01468
361,21042814,12.87,733102087,0,6,12.98817381,25933.2842,21042820,21042888,11c,3475,,3473,3475,11,2,StreamRiver,StreamRiver,0,,,37102,3473,12870.64363
362,21042816,3.136,733102093,0,6,3.892819573,26043.0356,21042820,21042888,11c,3475,,3474,3475,11,2,StreamRiver,StreamRiver,0,,,37103,3474,3137.454834
363,21042888,1.928,733102035,0,6,3.10588458,174.9555,21042906,21045804,11c,3493,,3475,3493,11,2,StreamRiver,StreamRiver,0,,,37104,3475,1928.263436
364,21043420,3.641,733101788,0,4,2.960805348,221.9013,21043418,21044112,11c,3481,,3476,3481,11,2,StreamRiver,StreamRiver,0,,,37105,3476,3641.034277
365,21043526,24.022,733101808,1,4,22.98809219,181.1682,21043528,21043420,11c,3476,,3477,3476,11,2,StreamRiver,StreamRiver,0,,,37106,3477,24023.51367
366,21043646,2.942,733101253,0,6,6.576546208,26421.0095,21043688,21046194,11c,3497,,3478,3497,11,2,StreamRiver,StreamRiver,0,,,37107,3478,2941.701999
367,21043648,14.231,733101232,0,6,19.82285092,26267.9888,21043688,21046194,11c,3497,,3479,3497,11,2,StreamRiver,StreamRiver,0,,,37108,3479,14230.56577
368,21043720,21.17,733100797,1,4,23.62111229,70.4241,21043868,21046286,11c,3501,,3480,3501,11,2,StreamRiver,StreamRiver,0,,,37109,3480,21168.71629
369,21044112,27.161,733101582,0,5,23.88788212,660.0303,21044156,21044280,11c,3484,,3481,3484,11,2,StreamRiver,StreamRiver,0,,,37110,3481,27157.86753
370,21044272,0.548,733101429,0,5,0.357776572,1042.8822,21044266,21046196,11c,3498,,3482,3498,11,2,StreamRiver,StreamRiver,0,,,37111,3482,547.5834672
371,21044274,6.907,733101431,0,5,5.101985812,1041.9066,21044272,21044272,11c,3482,,3483,3482,11,2,StreamRiver,StreamRiver,0,,,37112,3483,6907.074858
372,21044280,5.878,733101572,0,5,4.668007136,689.913,21044278,21044274,11c,3483,,3484,3483,11,2,StreamRiver,StreamRiver,0,,,37113,3484,5878.044336
373,21044576,22.898,733100971,1,4,23.70253195,152.6697,21044496,21046228,11c,3500,,3485,3500,11,2,StreamRiver,StreamRiver,0,,,37114,3485,22898.28015
374,21044630,22.263,733101390,1,4,23.26811979,114.2739,21044608,21045954,11c,3495,,3486,3495,11,2,StreamRiver,StreamRiver,0,,,37115,3486,22262.10122
375,21044652,22.392,733101518,1,4,22.69211197,133.506,21044668,21045692,11c,3490,,3487,3490,11,2,StreamRiver,StreamRiver,0,,,37116,3487,22390.57896
376,21045412,20.481,733100268,1,3,22.16428464,99.4293,21047026,21047280,11c,3509,,3488,3509,11,2,StreamRiver,StreamRiver,0,,,37117,3488,20482.87904
377,21045614,21.426,733101740,1,4,22.62790669,86.598,21043418,21044112,11c,3481,,3489,3481,11,2,StreamRiver,StreamRiver,0,,,37118,3489,21427.12295
378,21045692,20.119,733101442,0,4,17.26371286,315.8208,21044278,21044274,11c,3483,,3490,3483,11,2,StreamRiver,StreamRiver,0,,,37119,3490,20118.12986
379,21045780,0.269,733102164,0,6,0.188957559,25933.3625,21045784,21042816,11c,3474,,3491,3474,11,2,ArtificialPath,ArtificialPath,0,,,37120,3491,269.0343739
380,21045782,16.67,733102111,1,4,19.36388315,88.4826,21045784,21042816,11c,3474,,3492,3474,11,2,ArtificialPath,ArtificialPath,0,,,37121,3492,16669.78222
381,21045804,0.538,733102029,0,4,0.547037534,175.4757,21045808,21043648,11c,3479,,3493,3479,11,2,ArtificialPath,ArtificialPath,0,,,37122,3493,538.1219917
382,21045806,1.009,733102095,0,6,0.392405143,26046.2432,21045808,21043648,11c,3479,,3494,3479,11,2,ArtificialPath,ArtificialPath,0,,,37123,3494,1008.870899
383,21045954,7.141,733101375,0,4,7.313722311,134.6517,21044266,21046196,11c,3498,,3495,3498,11,2,StreamRiver,StreamRiver,0,,,37124,3495,7141.805437
384,21046034,1.048,733101907,0,6,0.389803585,26420.0726,21046036,21043646,11c,3478,,3496,3478,11,2,ArtificialPath,ArtificialPath,0,,,37125,3496,1048.426448
385,21046194,11.006,733101130,0,6,19.60920553,26495.0363,21046198,21046224,11c,3499,,3497,3499,11,2,ArtificialPath,ArtificialPath,0,,,37126,3497,11002.86344
386,21046196,14.003,733101095,0,5,21.43017266,1265.211,21046198,21046224,11c,3499,,3498,3499,11,2,ArtificialPath,ArtificialPath,0,,,37127,3498,14005.27515
387,21046224,4.075,733101045,0,6,1.776341321,27874.1486,21046238,21046292,11c,3502,,3499,3502,11,2,ArtificialPath,ArtificialPath,0,,,37128,3499,4074.789871
388,21046228,10.08,733100958,0,4,9.404769351,185.6394,21046238,21046292,11c,3502,,3500,3502,11,2,ArtificialPath,ArtificialPath,0,,,37129,3500,10079.62819
389,21046286,11.343,733100786,0,4,10.96336904,94.8231,21046294,21046978,11c,3506,,3501,3506,11,2,ArtificialPath,ArtificialPath,0,,,37130,3501,11342.57864
390,21046292,8.133,733100842,0,6,12.11398015,28268.6591,21046294,21046978,11c,3506,,3502,3506,11,2,ArtificialPath,ArtificialPath,0,,,37131,3502,8133.323736
391,21046978,25.402,733100340,0,6,49.07163395,29007.8264,21047278,21047070,11c,3508,,3506,3508,11,2,StreamRiver,StreamRiver,0,,,37135,3506,25403.23259
392,21047070,15.444,733100240,0,6,6.086703637,29357.0966,21047094,21047788,11c,3511,,3508,3511,11,2,StreamRiver,StreamRiver,0,,,37137,3508,15400.57135
393,21047280,9.055,733100252,0,4,8.186533534,140.7753,21047278,21047070,11c,3508,,3509,3508,11,2,StreamRiver,StreamRiver,0,,,37138,3509,9054.772024
394,21061730,20.709,733501916,1,4,20.80404047,123.5871,21061964,21061964,11d,3514,,3512,3514,11,2,StreamRiver,StreamRiver,0,,,37141,3512,20708.96664
395,21061888,22.362,733502098,1,4,23.80556836,127.1592,21061890,21061966,11d,3515,,3513,3515,11,2,StreamRiver,StreamRiver,0,,,37142,3513,22360.89615
396,21061964,7.019,733501912,0,4,6.088988949,141.0975,21061984,21062034,11d,3517,,3514,3517,11,2,StreamRiver,StreamRiver,0,,,37143,3514,7019.06936
397,21061966,12.819,733501992,0,4,11.12191711,235.314,21061984,21062034,11d,3517,,3515,3517,11,2,StreamRiver,StreamRiver,0,,,37144,3515,12817.92199
398,21062032,6.944,733501775,0,4,6.40229768,162.6588,21062114,21065840,11d,3533,,3516,3533,11,2,StreamRiver,StreamRiver,0,,,37145,3516,6943.240667
399,21062034,2.609,733501909,0,5,2.201768062,382.6728,21062114,21065840,11d,3533,,3517,3533,11,2,StreamRiver,StreamRiver,0,,,37146,3517,2608.261528
400,21062274,15.801,733501558,1,3,18.83823675,56.0475,21063328,21065932,11d,3534,,3518,3534,11,2,StreamRiver,StreamRiver,0,,,37147,3518,15800.78687
401,21063326,18.194,733501868,1,3,21.44470255,59.4063,21061832,21062032,11d,3516,,3519,3516,11,2,StreamRiver,StreamRiver,0,,,37148,3519,18194.65535
402,21063842,17.787,733500917,1,4,22.91808742,187.9839,21063862,21066416,11d,3539,,3520,3539,11,2,StreamRiver,StreamRiver,0,,,37149,3520,17785.7206
403,21064060,19.737,733500428,1,3,23.16568332,64.26,21064052,21065086,11d,3524,,3521,3524,11,2,StreamRiver,StreamRiver,0,,,37150,3521,19739.21926
404,21064590,18.463,733500542,1,4,23.53995739,58.5576,21064634,21065352,11d,3527,,3522,3527,11,2,StreamRiver,StreamRiver,0,,,37151,3522,18464.17968
405,21064850,31.313,733500634,0,4,23.17887469,748.3464,21064882,21066388,11d,3536,,3523,3536,11,2,StreamRiver,StreamRiver,0,,,37152,3523,31313.6963
406,21065086,27.853,733500268,0,4,23.89967562,379.7163,21065260,21065332,11d,3526,,3524,3526,11,2,StreamRiver,StreamRiver,0,,,37153,3524,27853.13132
407,21065316,19.134,733501255,1,3,23.62977501,41.49,21065376,21065800,11d,3530,,3525,3530,11,2,StreamRiver,StreamRiver,0,,,37154,3525,19133.97307
408,21065332,5.574,733500248,0,4,4.361545991,410.3811,21065446,21065824,11d,3531,,3526,3531,11,2,StreamRiver,StreamRiver,0,,,37155,3526,5573.75686
409,21065352,24.252,733500455,0,4,24.91416037,254.6946,21065446,21065824,11d,3531,,3527,3531,11,2,StreamRiver,StreamRiver,0,,,37156,3527,24253.55043
410,21065500,17.574,733500171,1,4,21.85545114,76.9761,21065564,21066394,11d,3538,,3528,3538,11,2,StreamRiver,StreamRiver,0,,,37157,3528,17573.83818
411,21065726,21.984,733501306,0,4,21.13950217,217.26,21066392,21066562,11d,3543,,3529,3543,11,2,StreamRiver,StreamRiver,0,,,37158,3529,21983.34657
412,21065800,21.81,733501204,0,4,22.99338478,147.123,21065826,21066550,11d,3540,,3530,3540,11,2,StreamRiver,StreamRiver,0,,,37159,3530,21809.88006
413,21065824,13.92,733500231,0,5,10.17501649,715.4946,21065838,21065838,11d,3532,,3531,3532,11,2,StreamRiver,StreamRiver,0,,,37160,3531,13920.02876
414,21065838,0.374,733500230,0,5,0.315052605,1614.0375,21065946,21066622,11d,3550,,3532,3550,11,2,StreamRiver,StreamRiver,0,,,37161,3532,374.1650177
415,21065840,29.078,733501622,0,5,21.22106159,905.6916,21065850,21066586,11d,3546,,3533,3546,11,2,StreamRiver,StreamRiver,0,,,37162,3533,29078.08128
416,21065932,18.015,733501531,0,4,17.7701985,124.2189,21065940,21066682,11d,3552,,3534,3552,11,2,StreamRiver,StreamRiver,0,,,37163,3534,18015.47649
417,21066298,17.319,733501383,1,3,21.10998665,33.795,21065150,21065726,11d,3529,,3535,3529,11,2,StreamRiver,StreamRiver,0,,,37164,3535,17319.24144
418,21066388,30.343,733500575,0,4,21.67374365,892.5669,21066390,21066390,11d,3537,,3536,3537,11,2,StreamRiver,StreamRiver,0,,,37165,3536,30344.21667
419,21066390,4.395,733500573,0,4,3.413085908,898.3827,21065838,21065838,11d,3532,,3537,3532,11,2,StreamRiver,StreamRiver,0,,,37166,3537,4394.563789
420,21066394,17.376,733500146,0,4,18.67833424,120.6351,21065946,21066622,11d,3550,,3538,3550,11,2,StreamRiver,StreamRiver,0,,,37167,3538,17377.12204
421,21066416,28.3,733500821,0,4,23.86667893,386.3457,21064160,21064850,11d,3523,,3539,3523,11,2,ArtificialPath,StreamRiver,0,,,37168,3539,28301.03689
422,21066550,3.577,733501177,0,4,3.429065786,198.153,21066554,21066554,11d,3541,,3540,3541,11,2,ArtificialPath,ArtificialPath,0,,,37169,3540,3577.211695
423,21066554,0.81,733501176,0,6,0.333244089,23777.9516,21066556,21066624,11d,3551,,3541,3551,11,2,ArtificialPath,ArtificialPath,0,,,37170,3541,810.341814
424,21066558,21.957,733501067,0,4,23.24520327,137.4156,21066556,21066624,11d,3551,,3542,3551,11,2,ArtificialPath,ArtificialPath,0,,,37171,3542,21956.84628
425,21066562,11.33,733501283,0,4,10.63302236,272.5947,21066574,21066566,11d,3545,,3543,3545,11,2,ArtificialPath,ArtificialPath,0,,,37172,3543,11328.59909
426,21066564,4.718,733501408,0,6,1.868554579,23268.9314,21066574,21066566,11d,3545,,3544,3545,11,2,ArtificialPath,ArtificialPath,0,,,37173,3544,4718.207852
427,21066566,12.792,733501276,0,6,5.316396868,23579.0543,21066554,21066554,11d,3541,,3545,3541,11,2,ArtificialPath,ArtificialPath,0,,,37174,3545,12792.27748
428,21066586,6.319,733501431,0,5,4.419391969,1336.7034,21066584,21066564,11d,3544,,3546,3544,11,2,ArtificialPath,ArtificialPath,0,,,37175,3546,6318.695428
429,21066592,0.513,733502183,0,6,0.186406155,21895.5413,21066584,21066564,11d,3544,,3547,3544,11,2,ArtificialPath,ArtificialPath,0,,,37176,3547,513.3116202
430,21066594,11.583,733502184,1,4,16.18304493,184.3227,21066592,21066592,11d,3547,,3548,3547,11,2,ArtificialPath,ArtificialPath,0,,,37177,3548,11581.54353
431,21066596,35.844,733502287,0,6,19.7758983,21710.8478,21066592,21066592,11d,3547,,3549,3547,11,2,ArtificialPath,ArtificialPath,0,,,37178,3549,35842.13741
432,21066622,5.572,733500144,0,5,3.776461565,1748.8872,21066748,21042814,11d,3473,,3550,3473,11,2,ArtificialPath,ArtificialPath,0,,,37179,3550,5571.952734
433,21066624,20.725,733500956,0,6,9.101998455,24126.3182,21066748,21042814,11d,3473,,3551,3473,11,2,ArtificialPath,ArtificialPath,0,,,37180,3551,20724.20263
434,21066682,18.406,733501510,0,4,16.90447257,253.7343,21065850,21066586,11d,3546,,3552,3546,11,2,StreamRiver,StreamRiver,0,,,37181,3552,18405.42335
435,21067734,19.471,733501151,1,3,23.8774113,36.6273,21067670,21066558,11d,3542,,3553,3542,11,2,StreamRiver,StreamRiver,0,,,37182,3553,19469.71282
436,21080492,18.78,733901012,1,3,22.80353963,90.6039,21080490,21080700,11d,3555,,3554,3555,11,2,StreamRiver,StreamRiver,0,,,37183,3554,18779.34109
437,21080700,18.04,733900963,0,3,22.03342347,401.049,21080718,21084274,11d,3559,,3555,3559,11,2,StreamRiver,StreamRiver,0,,,37184,3555,18039.89115
438,21084186,12.33,733900723,0,4,10.05526762,923.3028,21084286,21084540,11d,3562,,3556,3562,11,2,StreamRiver,StreamRiver,0,,,37185,3556,12329.56972
439,21084190,1.131,733900674,0,4,1.104192458,127.5057,21084286,21084540,11d,3562,,3557,3562,11,2,StreamRiver,StreamRiver,0,,,37186,3557,1131.453772
440,21084236,24.764,733900776,0,4,21.93307473,813.8799,21084208,21084186,11d,3556,,3558,3556,11,2,StreamRiver,StreamRiver,0,,,37187,3558,24762.94823
441,21084274,24.26,733900872,0,4,23.44536205,606.8745,21084282,21084236,11d,3558,,3559,3558,11,2,StreamRiver,StreamRiver,0,,,37188,3559,24260.31085
442,21084508,7.47,733901050,1,4,11.12661099,69.5628,21084544,21084544,11d,3563,,3560,3563,11,2,StreamRiver,StreamRiver,0,,,37189,3560,7469.879741
443,21084526,6.801,733900636,0,5,8.334860394,1203.5619,21084544,21084544,11d,3563,,3561,3563,11,2,StreamRiver,StreamRiver,0,,,37190,3561,6801.294205
444,21084540,26.125,733900644,0,5,22.13822499,1168.3305,21084542,21084526,11d,3561,,3562,3561,11,2,StreamRiver,StreamRiver,0,,,37191,3562,26126.50383
445,21084544,2.278,733900635,0,5,1.745292245,1275.0849,21084554,21084942,11d,3564,,3563,3564,11,2,StreamRiver,StreamRiver,0,,,37192,3563,2277.714596
446,21084942,28.117,733900407,0,5,23.5752772,2761.8219,21084972,21086428,11d,3568,,3564,3568,11,2,StreamRiver,StreamRiver,0,,,37193,3564,28114.01445
447,21085134,14.689,733900285,1,4,16.95745638,151.9362,21085112,21085360,11d,3566,,3565,3566,11,2,StreamRiver,StreamRiver,0,,,37194,3565,14690.1082
448,21085360,18.982,733900186,0,5,11.9877162,3307.9599,21085392,21086452,11d,3569,,3566,3569,11,2,StreamRiver,StreamRiver,0,,,37195,3566,18985.51766
449,21085364,20.06,733900125,1,4,23.56801596,69.8004,21085392,21086452,11d,3569,,3567,3569,11,2,StreamRiver,StreamRiver,0,,,37196,3567,20059.95378
450,21086428,6.936,733900348,0,5,4.632361952,3071.3085,21085112,21085360,11d,3566,,3568,3566,11,2,StreamRiver,StreamRiver,0,,,37197,3568,6936.345297
451,21086452,12.209,733900087,0,5,7.094026416,3434.9724,21086542,21087200,11d,3571,,3569,3571,11,2,StreamRiver,StreamRiver,0,,,37198,3569,12208.56909
452,21086556,17.72,733900678,1,4,23.00962666,108.846,21084190,21084190,11d,3557,,3570,3557,11,2,Connector,StreamRiver,0,,,37199,3570,17720.37225
453,21087200,19.173,733900024,0,5,12.4602243,3497.0157,21067346,21066596,11d,3549,,3571,3549,11,2,ArtificialPath,ArtificialPath,0,,,37200,3571,19172.00893
454,21096395,44.216,734300630,0,6,23.56726466,14178.4992,21096391,21097785,11d,3573,,3572,3573,11,2,StreamRiver,StreamRiver,0,,,37201,3572,44213.37145
455,21097785,50.936,734300437,0,6,22.5554311,17218.3007,21097811,21097975,11d,3574,,3573,3574,11,2,ArtificialPath,ArtificialPath,0,,,37202,3573,50938.94412
456,21097975,11.287,734300367,0,6,4.673217514,17431.0949,21097947,21098897,11d,3575,,3574,3575,11,2,ArtificialPath,ArtificialPath,0,,,37203,3574,11286.86056
457,21098897,28.715,734300211,0,6,15.53496175,17782.3127,21098905,21098987,11d,3577,,3575,3577,11,2,ArtificialPath,ArtificialPath,0,,,37204,3575,28715.1453
458,21098899,14.204,734300176,1,4,17.42234212,50.418,21098905,21098987,11d,3577,,3576,3577,11,2,ArtificialPath,ArtificialPath,0,,,37205,3576,14203.17453
459,21098987,14.491,734300068,0,6,12.96952194,17922.458,21067346,21066596,11d,3549,,3577,3549,11,2,ArtificialPath,ArtificialPath,0,,,37206,3577,14490.19799
460,21103437,9.397,1087400001,0,4,6.145827601,2723.9436,0,,11d,0,,3578,3900,11,1,StreamRiver,,0,,,37207,3578,9396.883066
461,21103541,10.103,1087400048,0,4,6.693288406,2077.3548,21104313,21104313,11d,3580,,3579,3580,11,2,StreamRiver,StreamRiver,0,,,37208,3579,10102.20443
462,21104313,38.781,1087400047,0,4,23.9845055,2215.4409,21104357,21104413,11d,3582,,3580,3582,11,2,StreamRiver,StreamRiver,0,,,37209,3580,38780.64237
463,21104411,36.298,1087400053,0,4,22.94260322,1989.3141,21104409,21103541,11d,3579,,3581,3579,11,2,Connector,Connector,0,,,37210,3581,36297.84462
464,21104413,32.939,1087400002,0,4,21.66686629,2544.8265,21103437,21103437,11d,3578,,3582,3578,11,2,Connector,StreamRiver,0,,,37211,3582,32939.09392
465,21105165,32.235,1087400167,0,4,23.60717617,781.2927,21105151,21104411,11d,3581,,3583,3581,11,2,StreamRiver,StreamRiver,0,,,37212,3583,32235.30753
466,21105199,27.221,1087400196,0,4,23.38406117,415.161,21105213,21105241,11d,3586,,3584,3586,11,2,StreamRiver,StreamRiver,0,,,37213,3584,27221.69556
467,21105203,22.924,1087400245,0,3,23.20821505,106.6194,21106371,21105199,11d,3584,,3585,3584,11,2,StreamRiver,StreamRiver,0,,,37214,3585,22924.09573
468,21105241,27.636,1087400177,0,4,21.48157071,518.5359,21105243,21105165,11d,3583,,3586,3583,11,2,StreamRiver,StreamRiver,0,,,37215,3586,27636.47443
469,21105271,17.583,1087400258,1,2,21.61135364,36.5823,21105259,21105203,11d,3585,,3587,3585,11,2,StreamRiver,StreamRiver,0,,,37216,3587,17583.23566
470,21109598,10.75,736300150,1,1,29.38233652,16.2684,21109600,21111144,11d,3592,,3588,3592,11,2,StreamRiver,StreamRiver,0,,,37217,3588,10749.54764
471,21110058,31.134,736300093,0,4,23.41676605,597.7602,21111132,21111132,11d,3591,,3589,3591,11,2,StreamRiver,StreamRiver,0,,,37218,3589,31133.91087
472,21111126,51.271,736300067,0,4,33.09924311,1152.0639,21111156,21111206,11d,3594,,3590,3594,11,2,StreamRiver,ArtificialPath,0,,,37219,3590,51270.62258
473,21111132,7.775,736300069,0,4,5.226215392,913.473,21111126,21111126,11d,3590,,3591,3590,11,2,StreamRiver,StreamRiver,0,,,37220,3591,7774.519384
474,21111144,15.262,736300135,0,2,14.40196117,130.3794,21110074,21111152,11d,3593,,3592,3593,11,2,StreamRiver,StreamRiver,0,,,37221,3592,15261.54248
475,21111152,25.731,736300117,0,3,21.55308458,378.675,21111140,21110058,11d,3589,,3593,3589,11,2,StreamRiver,StreamRiver,0,,,37222,3593,25731.56838
476,21111206,36.228,736300041,0,4,23.77109782,1351.3374,21108616,21111216,11d,3595,,3594,3595,11,2,StreamRiver,StreamRiver,0,,,37223,3594,36227.43158
477,21111216,30.236,736300012,0,4,19.49361775,1590.5367,21108624,21111694,11d,3596,,3595,3596,11,2,StreamRiver,StreamRiver,0,,,37224,3595,30237.16648
478,21111694,15.04,736300008,0,4,9.57054729,1866.2382,20073089,20070881,11d,3063,,3596,3063,11,2,StreamRiver,StreamRiver,0,,,37225,3596,15040.23892
479,21112467,31.556,734700180,0,5,20.11302757,7139.3976,21112489,21114115,11d,3601,,3597,3601,11,2,StreamRiver,StreamRiver,0,,,37226,3597,31558.01855
480,21112645,22.985,734700835,1,3,23.51265678,115.0992,21112653,21116845,11d,3607,,3598,3607,11,2,StreamRiver,StreamRiver,0,,,37227,3598,22984.87024
481,21113945,45.073,734700021,0,5,23.30402576,8383.1625,21114601,21113969,11d,3600,,3599,3600,11,2,StreamRiver,StreamRiver,0,,,37228,3599,45071.91146
482,21113969,16.398,734700001,0,5,8.25659571,8707.1076,21095377,21096395,11d,3572,,3600,3572,11,2,StreamRiver,StreamRiver,0,,,37229,3600,16398.61522
483,21114115,21.204,734700105,0,5,16.65416435,7554.4974,21114111,21114611,11d,3602,,3601,3602,11,2,StreamRiver,StreamRiver,0,,,37230,3601,21206.60268
484,21114611,45.728,734700044,0,5,22.79810038,7991.1045,21114013,21113945,11d,3599,,3602,3599,11,2,StreamRiver,StreamRiver,0,,,37231,3602,45730.33116
485,21115349,38.257,734700339,0,5,23.89711269,6431.3874,21115339,21112467,11d,3597,,3603,3597,11,2,StreamRiver,StreamRiver,0,,,37232,3603,38257.31579
486,21115575,10.159,734700986,0,5,5.241954775,4445.2071,21117065,21116941,11d,3609,,3604,3609,11,2,StreamRiver,StreamRiver,0,,,37233,3604,10158.20098
487,21115869,23.786,734700555,0,3,21.77819883,197.7012,21115833,21117025,11d,3613,,3605,3613,11,2,StreamRiver,StreamRiver,0,,,37234,3605,23785.72773
488,21116009,20.588,734700927,1,4,22.39924599,86.6934,21117091,21116943,11d,3610,,3606,3610,11,2,StreamRiver,StreamRiver,0,,,37235,3606,20587.25754
489,21116845,13.512,734700771,0,4,12.06181715,276.6105,21116835,21117027,11d,3614,,3607,3614,11,2,StreamRiver,StreamRiver,0,,,37236,3607,13513.26726
490,21116937,0.865,735000001,1,1,4.147923805,0.3096,21117065,21116941,11d,3609,,3608,3609,11,2,StreamRiver,StreamRiver,0,,,37237,3608,864.8874552
491,21116941,4.79,734700970,0,5,2.650205908,4470.1785,21116939,21117009,11d,3612,,3609,3612,11,2,StreamRiver,StreamRiver,0,,,37238,3609,4789.890649
492,21116943,17.941,734700874,0,4,16.83931387,225.7011,21116939,21117009,11d,3612,,3610,3612,11,2,StreamRiver,StreamRiver,0,,,37239,3610,17941.14652
493,21116965,19.632,734700586,1,3,21.89504314,67.6422,21116055,21115869,11d,3605,,3611,3605,11,2,StreamRiver,StreamRiver,0,,,37240,3611,19633.02098
494,21117009,7.465,734700859,0,5,3.833633259,4747.8573,21116835,21117027,11d,3614,,3612,3614,11,2,StreamRiver,StreamRiver,0,,,37241,3612,7465.435804
495,21117025,10.526,734700527,0,4,8.71105115,260.5896,21117029,21115349,11d,3603,,3613,3603,11,2,ArtificialPath,ArtificialPath,0,,,37242,3613,10525.92721
496,21117027,29.456,734700605,0,5,16.83308824,5617.2816,21117029,21115349,11d,3603,,3614,3603,11,2,ArtificialPath,ArtificialPath,0,,,37243,3614,29454.36431
497,21122299,35.567,735500117,0,4,23.59101107,889.5069,21122311,21126639,11d,3635,,3615,3635,11,2,StreamRiver,StreamRiver,0,,,37244,3615,35565.90837
498,21122779,25.308,735500212,0,4,19.69372961,316.7289,21122203,21122299,11d,3615,,3616,3615,11,2,StreamRiver,StreamRiver,0,,,37245,3616,25307.53824
499,21122803,23.991,735500244,1,3,23.56486246,121.4379,21122115,21122779,11d,3616,,3618,3616,11,2,Connector,StreamRiver,0,,,37247,3618,23989.41725
500,21126639,26.435,735500001,0,4,19.06058081,1216.7289,21116895,21115575,11d,3604,,3635,3604,11,2,StreamRiver,StreamRiver,0,,,37264,3635,26434.97387
501,21126641,1.795,735100001,0,5,1.02596356,3131.7903,21116895,21115575,11d,3604,,3636,3604,11,2,StreamRiver,StreamRiver,0,,,37265,3636,1775.913401
502,21214283,28.974,744300773,0,4,23.75390575,646.9965,21214265,21215299,11d,3844,,3834,3844,11,2,StreamRiver,StreamRiver,0,,,37463,3834,28972.52937
503,21214857,18.139,744300113,1,3,21.9825658,47.7855,21214885,21214907,11d,3839,,3835,3839,11,2,StreamRiver,StreamRiver,0,,,37464,3835,18140.2315
504,21214865,10.951,744300129,0,5,9.196720607,2162.1771,21214869,21214869,11d,3837,,3836,3837,11,2,StreamRiver,StreamRiver,0,,,37465,3836,10950.34348
505,21214869,1.266,744300001,0,5,0.676360051,2389.8879,21226865,21226807,11d,3867,,3837,3867,11,2,StreamRiver,StreamRiver,0,,,37466,3837,1265.915207
506,21214873,18.429,744300002,0,4,19.59701759,225.9396,21214869,21214869,11d,3837,,3838,3837,11,2,StreamRiver,StreamRiver,0,,,37467,3838,18428.48386
507,21214907,20.436,744300074,0,3,21.98437876,102.7062,21214923,21215055,11d,3841,,3839,3841,11,2,StreamRiver,StreamRiver,0,,,37468,3839,20435.80514
508,21214991,11.753,744300183,0,5,8.116177682,2046.7458,21214967,21214865,11d,3836,,3840,3836,11,2,StreamRiver,StreamRiver,0,,,37469,3840,11752.42934
509,21215055,22.316,744300040,0,4,23.85296626,168.48,21215043,21214873,11d,3838,,3841,3838,11,2,StreamRiver,StreamRiver,0,,,37470,3841,22316.75561
510,21215119,26.596,744300571,0,4,20.34297916,1081.4832,21215099,21214991,11d,3840,,3842,3840,11,2,StreamRiver,StreamRiver,0,,,37471,3842,26596.45124
511,21215137,26.749,744300190,0,4,21.1666756,948.4425,21215099,21214991,11d,3840,,3843,3840,11,2,StreamRiver,StreamRiver,0,,,37472,3843,26750.76481
512,21215299,28.678,744300651,0,4,22.62350541,915.0507,21215301,21215119,11d,3842,,3844,3842,11,2,StreamRiver,StreamRiver,0,,,37473,3844,28674.36573
513,21215777,26.333,744300274,0,4,22.00810176,755.5527,21215549,21215137,11d,3843,,3845,3843,11,2,StreamRiver,StreamRiver,0,,,37474,3845,26333.21947
514,21216181,26.986,744300831,0,4,23.88053683,509.9067,21216167,21214283,11d,3834,,3846,3834,11,2,StreamRiver,StreamRiver,0,,,37475,3846,26986.38099
515,21216235,21.43,744300889,1,3,19.43980029,258.8949,21218005,21216181,11d,3846,,3847,3846,11,2,StreamRiver,StreamRiver,0,,,37476,3847,21429.6671
516,21216475,20.111,744300552,1,3,21.88100586,90.9963,21216451,21218051,11d,3849,,3848,3849,11,2,StreamRiver,StreamRiver,0,,,37477,3848,20111.27344
517,21218051,22.602,744300484,0,4,21.82600464,235.1052,21218433,21218411,11d,3850,,3849,3850,11,2,Connector,StreamRiver,0,,,37478,3849,22600.90993
518,21218411,27.029,744300352,0,4,23.14276617,577.7658,21218917,21215777,11d,3845,,3850,3845,11,2,StreamRiver,StreamRiver,0,,,37479,3850,27029.11485
519,21223519,21.005,744200734,1,3,21.5379026,99.5553,21223561,21225129,11d,3860,,3851,3860,11,2,StreamRiver,StreamRiver,0,,,37480,3851,21005.28725
520,21224023,9.172,744200588,0,4,7.803897953,420.6555,21224009,21227543,11d,3881,,3852,3881,11,2,StreamRiver,StreamRiver,0,,,37481,3852,9171.052831
521,21224097,31.673,744200753,0,5,22.78802672,1686.2877,21224009,21227543,11d,3881,,3853,3881,11,2,StreamRiver,StreamRiver,0,,,37482,3853,31672.15551
522,21224221,20.465,744201127,1,4,23.73970877,112.0482,21224269,21224467,11d,3857,,3854,3857,11,2,StreamRiver,StreamRiver,0,,,37483,3854,20464.73723
523,21224403,26.943,744201010,0,5,22.05256359,1064.0169,21224393,21224445,11d,3856,,3855,3856,11,2,StreamRiver,StreamRiver,0,,,37484,3855,26944.74105
524,21224445,26.711,744200875,0,5,23.77035984,1358.1675,21224439,21224097,11d,3853,,3856,3853,11,2,StreamRiver,StreamRiver,0,,,37485,3856,26711.14865
525,21224467,7.676,744201114,0,4,7.447334571,147.9222,21225203,21224403,11d,3855,,3857,3855,11,2,StreamRiver,StreamRiver,0,,,37486,3857,7674.847575
526,21224477,17.193,744201162,0,4,15.56607843,686.5848,21225203,21224403,11d,3855,,3858,3855,11,2,StreamRiver,StreamRiver,0,,,37487,3858,17192.16136
527,21224739,23.258,744201233,1,3,23.77411442,185.6979,21224727,21224477,11d,3858,,3859,3858,11,2,StreamRiver,StreamRiver,0,,,37488,3859,23257.97585
528,21225129,24.706,744200670,0,4,23.53201465,229.9986,21223683,21225285,11d,3861,,3860,3861,11,2,StreamRiver,StreamRiver,0,,,37489,3860,24705.54363
529,21225285,24.437,744200595,0,4,21.0202488,407.1447,21223959,21224023,11d,3852,,3861,3852,11,2,ArtificialPath,StreamRiver,0,,,37490,3861,24436.56616
530,21226403,19.237,744200085,1,4,23.62239501,124.2216,21226427,21226433,11d,3864,,3862,3864,11,2,StreamRiver,StreamRiver,0,,,37491,3862,19236.69238
531,21226431,11.289,744200166,0,5,7.412582484,2874.5595,21227589,21226763,11d,3866,,3863,3866,11,2,StreamRiver,StreamRiver,0,,,37492,3863,11288.42043
532,21226433,7.478,744200079,0,4,7.702072799,137.0592,21227589,21226763,11d,3866,,3864,3866,11,2,StreamRiver,StreamRiver,0,,,37493,3864,7478.383149
533,21226759,21.437,743900475,0,6,15.13699937,5873.2983,21226725,21226909,11d,3869,,3865,3869,11,2,StreamRiver,StreamRiver,0,,,37494,3865,21437.12224
534,21226763,10.365,744200059,0,5,6.713354048,3050.6589,21226817,21226867,11d,3868,,3866,3868,11,2,StreamRiver,StreamRiver,0,,,37495,3866,10364.40867
535,21226807,7.141,743900696,0,6,6.180883255,5539.8051,21226729,21226759,11d,3865,,3867,3865,11,2,StreamRiver,StreamRiver,0,,,37496,3867,7140.928126
536,21226867,13.731,744200001,0,5,8.508710341,3139.5456,21226865,21226807,11d,3867,,3868,3867,11,2,StreamRiver,StreamRiver,0,,,37497,3868,13730.95994
537,21226909,33.473,743900292,0,6,23.16915578,6139.5345,21226911,21226911,11d,3870,,3869,3870,11,2,StreamRiver,StreamRiver,0,,,37498,3869,33472.19976
538,21226911,2.885,743900288,0,6,2.473124989,6143.9877,21226955,21226955,11d,3872,,3870,3872,11,2,StreamRiver,StreamRiver,0,,,37499,3870,2885.227876
539,21226923,21.665,743900225,0,4,22.55659395,116.8884,21226827,21227009,11d,3875,,3871,3875,11,2,StreamRiver,StreamRiver,0,,,37500,3871,21665.32484
540,21226955,2.46,743900282,0,6,1.251294748,6149.5596,21226973,21226961,11d,3873,,3872,3873,11,2,StreamRiver,StreamRiver,0,,,37501,3872,2459.99944
541,21226961,11.167,743900077,0,6,6.672406592,6636.9186,22079907,22079907,11d,4050,,3873,4050,11,2,StreamRiver,StreamRiver,0,,,37502,3873,11167.88631
542,21227001,20.979,743900087,0,5,19.89129883,448.056,21226973,21226961,11d,3873,,3874,3873,11,2,StreamRiver,StreamRiver,0,,,37503,3874,20979.09473
543,21227009,22.212,743900184,0,4,23.26494217,224.4546,21227037,21227001,11d,3874,,3875,3874,11,2,StreamRiver,StreamRiver,0,,,37504,3875,22213.32612
544,21227073,4.156,743900125,0,4,4.364288057,132.8787,21227037,21227001,11d,3874,,3876,3874,11,2,StreamRiver,StreamRiver,0,,,37505,3876,4155.577518
545,21227075,18.709,743900145,0,4,21.09085408,91.7712,21227073,21227073,11d,3876,,3877,3876,11,2,StreamRiver,StreamRiver,0,,,37506,3877,18707.49436
546,21227177,18.764,743900258,1,3,23.44055866,51.8562,21227707,21226923,11d,3871,,3878,3871,11,2,StreamRiver,StreamRiver,0,,,37507,3878,18764.08476
547,21227277,9.213,743900173,1,3,12.12566269,22.7106,21227239,21227075,11d,3877,,3879,3877,11,2,StreamRiver,StreamRiver,0,,,37508,3879,9213.465095
548,21227525,29.005,744200224,0,5,19.56803392,2786.094,21226307,21226431,11d,3863,,3880,3863,11,2,StreamRiver,StreamRiver,0,,,37509,3880,29004.44546
549,21227543,32.827,744200456,0,5,23.21949968,2407.9194,21226337,21227525,11d,3880,,3881,3880,11,2,StreamRiver,StreamRiver,0,,,37510,3881,32827.80911
550,21240200,72.325,744700070,0,7,23.90776991,69065.5654,21241898,21240212,11d,3883,,3882,3883,11,2,StreamRiver,StreamRiver,0,,,37511,3882,72321.99231
551,21240212,5.68,744700040,0,7,1.648928115,69135.0346,21240206,22083399,11d,4070,,3883,4070,11,2,StreamRiver,StreamRiver,0,,,37512,3883,5679.889719
552,21247638,12.117,745500654,0,7,11.18771359,63494.8579,21248920,21254614,11d,3908,,3884,3908,11,2,ArtificialPath,ArtificialPath,0,,,37513,3884,12116.43805
553,21248170,22.872,745500577,1,3,23.99764107,93.2742,21248186,21248926,11d,3891,,3885,3891,11,2,StreamRiver,StreamRiver,0,,,37514,3885,22871.25823
554,21248196,20.197,745500496,1,2,22.18703183,59.7978,21248286,21254496,11d,3907,,3886,3907,11,2,StreamRiver,StreamRiver,0,,,37515,3886,20197.67583
555,21248200,24.937,745500144,1,3,21.55329771,609.2721,21248364,21248364,11d,3888,,3887,3888,11,2,StreamRiver,StreamRiver,0,,,37516,3887,24937.76263
556,21248364,7.187,745500142,0,3,5.37197342,639.3681,21248386,21250098,11d,3895,,3888,3895,11,2,StreamRiver,CanalDitch,0,,,37517,3888,7186.65382
557,21248490,3.975,745500112,0,3,5.292553437,76.4874,21248386,21250098,11d,3895,,3889,3895,11,2,CanalDitch,CanalDitch,0,,,37518,3889,3975.177259
558,21248498,12.3,745500043,0,7,16.12126987,66128.788,21249228,21249238,11d,3892,,3890,3892,11,2,CanalDitch,CanalDitch,0,,,37519,3890,12299.20346
559,21248926,6.411,745500521,0,4,6.369515233,237.3498,21248964,21249912,11d,3893,,3891,3893,11,2,ArtificialPath,ArtificialPath,0,,,37520,3891,6412.034617
560,21249238,15.664,745500025,0,3,22.63172081,42.0561,21249244,21251516,11d,3904,,3892,3904,11,2,StreamRiver,StreamRiver,0,,,37521,3892,15665.18757
561,21249912,9.864,745500511,0,7,4.324262279,64027.7605,21249988,21251316,11d,3901,,3893,3901,11,2,StreamRiver,StreamRiver,0,,,37522,3893,9863.360186
562,21249962,11.868,745500113,0,3,19.51271249,70.8201,21248490,21248490,11d,3889,,3894,3889,11,2,CanalDitch,CanalDitch,0,,,37523,3894,11868.63493
563,21250098,13.365,745500074,0,4,10.57321478,934.8894,21250072,21248498,11d,3890,,3895,3890,11,2,StreamRiver,StreamRiver,0,,,37524,3895,13363.82503
564,21250244,15.77,745500141,1,4,20.57626252,97.5798,21250202,21249962,11d,3894,,3896,3894,11,2,CanalDitch,CanalDitch,0,,,37525,3896,15769.41575
565,21250278,0.265,745500309,0,7,0.111262961,64688.8591,21250292,21250356,11d,3900,,3897,3900,11,2,StreamRiver,StreamRiver,0,,,37526,3897,264.6051874
566,21250280,20.333,745500303,0,7,12.49894003,64688.6098,21250292,21250356,11d,3900,,3898,3900,11,2,StreamRiver,StreamRiver,0,,,37527,3898,20334.71647
567,21250308,1.645,745500173,0,4,1.521543468,199.2474,21251336,21251336,11d,3902,,3899,3902,11,2,StreamRiver,StreamRiver,0,,,37528,3899,1644.723738
568,21250356,32.706,745500232,0,7,18.79812665,64956.4561,21251336,21251336,11d,3902,,3900,3902,11,2,StreamRiver,StreamRiver,0,,,37529,3900,32706.33585
569,21251316,10.886,745500411,0,7,5.880836056,64330.8535,21250068,21250280,11d,3898,,3901,3898,11,2,StreamRiver,StreamRiver,0,,,37530,3901,10886.94647
570,21251336,16.056,745500172,0,7,4.616265461,65187.5023,21250072,21248498,11d,3890,,3902,3890,11,2,StreamRiver,StreamRiver,0,,,37531,3902,16056.09769
571,21251514,6.092,745500052,0,7,1.736350159,66715.4629,21251518,21251518,11d,3905,,3903,3905,11,2,StreamRiver,StreamRiver,0,,,37532,3903,6092.418707
572,21251516,12.219,745500002,0,3,10.11152311,967.7124,21239884,21240200,11d,3882,,3904,3882,11,2,StreamRiver,StreamRiver,0,,,37533,3904,12219.44349
573,21251518,4.337,745500047,0,7,1.216082976,66762.9838,21239884,21240200,11d,3882,,3905,3882,11,2,StreamRiver,StreamRiver,0,,,37534,3905,4337.09297
574,21254488,12.233,745500418,0,4,21.62829322,260.9442,21249988,21251316,11d,3901,,3906,3901,11,2,CanalDitch,StreamRiver,0,,,37535,3906,12232.95758
575,21254496,17.477,745500451,0,3,20.07918407,179.9964,21254492,21254488,11d,3906,,3907,3906,11,2,CanalDitch,CanalDitch,0,,,37536,3907,17475.42471
576,21254614,9.851,745500593,0,7,8.442611265,63664.8958,21248964,21249912,11d,3893,,3908,3893,11,2,ArtificialPath,ArtificialPath,0,,,37537,3908,9851.33478
577,22079629,18.576,742600192,1,3,23.80978619,44.8407,22079633,22079779,11d,4048,,4047,4048,11,2,StreamRiver,StreamRiver,0,,,37676,4047,18576.124
578,22079779,21.186,742600120,0,4,23.28613897,121.2822,22080277,22079843,11d,4049,,4048,4049,11,2,StreamRiver,StreamRiver,0,,,37677,4048,21185.11539
579,22079843,20.887,742600056,0,4,21.60973531,230.0958,22079857,22080881,11d,4056,,4049,4056,11,2,StreamRiver,StreamRiver,0,,,37678,4049,20886.74133
580,22079907,11.712,742600259,0,7,3.339151888,78419.2537,22080673,22080883,11d,4057,,4050,4057,11,2,StreamRiver,StreamRiver,0,,,37679,4050,11711.58347
581,22079923,18.44,743800001,0,7,6.522815333,71718.4243,22079907,22079907,11d,4050,,4051,4050,11,2,StreamRiver,StreamRiver,0,,,37680,4051,18439.69748
582,22080297,27.416,743800007,0,5,20.78161174,1028.817,22079949,22079923,11d,4051,,4052,4051,11,2,StreamRiver,StreamRiver,0,,,37681,4052,27416.93668
583,22080299,16.627,743800322,0,7,4.734288479,70501.9618,22079949,22079923,11d,4051,,4053,4051,11,2,StreamRiver,StreamRiver,0,,,37682,4053,16626.36814
584,22080869,27.483,742600003,0,7,10.45957007,79317.4366,22080591,22080591,11d,4054,,4055,4054,11,2,StreamRiver,StreamRiver,0,,,37684,4055,27464.47267
585,22080881,24.162,742600012,0,4,23.02166282,327.4614,22080655,22080869,11d,4055,,4056,4055,11,2,StreamRiver,StreamRiver,0,,,37685,4056,24161.25555
586,22080883,8.17,742600229,0,7,2.363469763,78778.8469,22080655,22080869,11d,4055,,4057,4055,11,2,StreamRiver,StreamRiver,0,,,37686,4057,8169.739622
587,22081041,20.107,743800596,1,3,22.19649134,102.4974,22081043,22082585,11d,4060,,4059,4060,11,2,StreamRiver,StreamRiver,0,,,37688,4059,20106.00235
588,22082585,20.198,743800538,0,4,21.26160391,203.9256,22081121,22083641,11d,4073,,4060,4073,11,2,StreamRiver,StreamRiver,0,,,37689,4060,20198.65352
589,22082823,11.497,743800023,0,4,12.27208289,108.7947,22082813,22080297,11d,4052,,4061,4052,11,2,StreamRiver,StreamRiver,0,,,37690,4061,11496.93067
590,22082833,19.419,743800040,1,3,23.35892896,60.9372,22082839,22082823,11d,4061,,4062,4061,11,2,StreamRiver,StreamRiver,0,,,37691,4062,19418.25967
591,22082835,10.281,743800067,0,5,7.914592012,866.34,22082813,22080297,11d,4052,,4063,4052,11,2,StreamRiver,StreamRiver,0,,,37692,4063,10281.0984
592,22082933,22.391,743800123,0,4,23.7064402,199.8711,22082913,22082949,11d,4065,,4064,4065,11,2,StreamRiver,StreamRiver,0,,,37693,4064,22390.93941
593,22082949,21.657,743800081,0,4,22.10994934,312.9471,22082945,22084223,11d,4077,,4065,4077,11,2,StreamRiver,StreamRiver,0,,,37694,4065,21657.88106
594,22082975,16.263,743800175,1,3,21.29265004,33.2163,22082961,22082933,11d,4064,,4066,4064,11,2,StreamRiver,StreamRiver,0,,,37695,4066,16262.75667
595,22083027,19.304,743800188,0,4,15.79369117,509.3235,22082881,22082835,11d,4063,,4067,4063,11,2,StreamRiver,StreamRiver,0,,,37696,4067,19304.4928
596,22083181,20.417,743800238,0,4,18.9618802,323.1486,22083149,22084123,11d,4075,,4068,4075,11,2,StreamRiver,StreamRiver,0,,,37697,4068,20416.90386
597,22083221,16.83,743800302,1,3,19.33319248,59.4306,22083189,22084153,11d,4076,,4069,4076,11,2,StreamRiver,StreamRiver,0,,,37698,4069,16830.24398
598,22083399,28.574,743800633,0,7,8.931264472,69421.3516,22083403,22084115,11d,4074,,4070,4074,11,2,StreamRiver,StreamRiver,0,,,37699,4070,28576.57636
599,22083463,5.486,743800375,0,4,4.453066126,543.1491,22083403,22084115,11d,4074,,4071,4074,11,2,StreamRiver,StreamRiver,0,,,37700,4071,5485.684997
600,22083467,24.104,743800387,0,4,23.62004604,514.4301,22083463,22083463,11d,4071,,4072,4071,11,2,StreamRiver,StreamRiver,0,,,37701,4072,24103.51488
601,22083641,22.311,743800466,0,4,21.72671595,339.6123,22083657,22083467,11d,4072,,4073,4072,11,2,StreamRiver,StreamRiver,0,,,37702,4073,22309.16362
602,22084115,59.696,743800327,0,7,20.74643619,70421.9086,22084105,22080299,11d,4053,,4074,4053,11,2,StreamRiver,StreamRiver,0,,,37703,4074,59697.28811
603,22084123,26.507,743800190,0,4,23.36084899,475.6572,22083027,22083027,11d,4067,,4075,4067,11,2,StreamRiver,StreamRiver,0,,,37704,4075,26507.30524
604,22084153,21.237,743800258,0,4,21.39984464,215.8407,22084155,22083181,11d,4068,,4076,4068,11,2,StreamRiver,StreamRiver,0,,,37705,4076,21235.11883
605,22084223,11.845,743800074,0,4,10.84301252,332.5869,22082881,22082835,11d,4063,,4077,4063,11,2,StreamRiver,StreamRiver,0,,,37706,4077,11845.61016
