Date,Q
10/1/1998,47
10/2/1998,61
10/3/1998,56
10/4/1998,58
10/5/1998,63
10/6/1998,74
10/7/1998,80
10/8/1998,68
10/9/1998,60
10/10/1998,54
10/11/1998,50
10/12/1998,47
10/13/1998,45
10/14/1998,44
10/15/1998,42
10/16/1998,44
10/17/1998,44
10/18/1998,42
10/19/1998,43
10/20/1998,47
10/21/1998,48
10/22/1998,48
10/23/1998,48
10/24/1998,49
10/25/1998,50
10/26/1998,50
10/27/1998,51
10/28/1998,54
10/29/1998,55
10/30/1998,57
10/31/1998,66
11/1/1998,81
11/2/1998,91
11/3/1998,120
11/4/1998,194
11/5/1998,301
11/6/1998,343
11/7/1998,305
11/8/1998,234
11/9/1998,209
11/10/1998,198
11/11/1998,179
11/12/1998,175
11/13/1998,170
11/14/1998,165
11/15/1998,162
11/16/1998,162
11/17/1998,163
11/18/1998,165
11/19/1998,161
11/20/1998,159
11/21/1998,158
11/22/1998,158
11/23/1998,154
11/24/1998,153
11/25/1998,150
11/26/1998,148
11/27/1998,146
11/28/1998,146
11/29/1998,146
11/30/1998,143
12/1/1998,142
12/2/1998,142
12/3/1998,141
12/4/1998,141
12/5/1998,138
12/6/1998,136
12/7/1998,134
12/8/1998,131
12/9/1998,130
12/10/1998,128
12/11/1998,126
12/12/1998,125
12/13/1998,124
12/14/1998,124
12/15/1998,123
12/16/1998,122
12/17/1998,120
12/18/1998,121
12/19/1998,118
12/20/1998,115
12/21/1998,115
12/22/1998,110
12/23/1998,110
12/24/1998,105
12/25/1998,105
12/26/1998,100
12/27/1998,100
12/28/1998,90
12/29/1998,85
12/30/1998,80
12/31/1998,80
1/1/1999,75
1/2/1999,75
1/3/1999,70
1/4/1999,70
1/5/1999,70
1/6/1999,70
1/7/1999,75
1/8/1999,80
1/9/1999,85
1/10/1999,90
1/11/1999,100
1/12/1999,105
1/13/1999,110
1/14/1999,110
1/15/1999,110
1/16/1999,111
1/17/1999,112
1/18/1999,111
1/19/1999,112
1/20/1999,112
1/21/1999,115
1/22/1999,114
1/23/1999,111
1/24/1999,108
1/25/1999,107
1/26/1999,108
1/27/1999,108
1/28/1999,108
1/29/1999,118
1/30/1999,134
1/31/1999,135
2/1/1999,137
2/2/1999,144
2/3/1999,150
2/4/1999,151
2/5/1999,153
2/6/1999,156
2/7/1999,158
2/8/1999,161
2/9/1999,162
2/10/1999,164
2/11/1999,164
2/12/1999,158
2/13/1999,155
2/14/1999,154
2/15/1999,153
2/16/1999,150
2/17/1999,150
2/18/1999,149
2/19/1999,147
2/20/1999,146
2/21/1999,144
2/22/1999,144
2/23/1999,142
2/24/1999,140
2/25/1999,140
2/26/1999,140
2/27/1999,139
2/28/1999,137
3/1/1999,136
3/2/1999,136
3/3/1999,134
3/4/1999,133
3/5/1999,132
3/6/1999,130
3/7/1999,128
3/8/1999,135
3/9/1999,132
3/10/1999,133
3/11/1999,134
3/12/1999,141
3/13/1999,149
3/14/1999,145
3/15/1999,145
3/16/1999,146
3/17/1999,152
3/18/1999,191
3/19/1999,202
3/20/1999,202
3/21/1999,203
3/22/1999,200
3/23/1999,201
3/24/1999,203
3/25/1999,199
3/26/1999,194
3/27/1999,192
3/28/1999,194
3/29/1999,189
3/30/1999,184
3/31/1999,180
4/1/1999,178
4/2/1999,176
4/3/1999,176
4/4/1999,174
4/5/1999,189
4/6/1999,182
4/7/1999,182
4/8/1999,185
4/9/1999,184
4/10/1999,184
4/11/1999,181
4/12/1999,178
4/13/1999,178
4/14/1999,206
4/15/1999,318
4/16/1999,595
4/17/1999,651
4/18/1999,629
4/19/1999,589
4/20/1999,478
4/21/1999,416
4/22/1999,386
4/23/1999,374
4/24/1999,349
4/25/1999,335
4/26/1999,319
4/27/1999,313
4/28/1999,303
4/29/1999,297
4/30/1999,295
5/1/1999,290
5/2/1999,313
5/3/1999,323
5/4/1999,328
5/5/1999,319
5/6/1999,321
5/7/1999,321
5/8/1999,332
5/9/1999,360
5/10/1999,388
5/11/1999,415
5/12/1999,452
5/13/1999,516
5/14/1999,653
5/15/1999,804
5/16/1999,912
5/17/1999,1050
5/18/1999,1110
5/19/1999,1170
5/20/1999,1210
5/21/1999,1250
5/22/1999,1280
5/23/1999,1330
5/24/1999,1370
5/25/1999,1470
5/26/1999,1560
5/27/1999,1620
5/28/1999,1700
5/29/1999,1710
5/30/1999,1680
5/31/1999,1680
6/1/1999,1690
6/2/1999,1700
6/3/1999,1700
6/4/1999,1700
6/5/1999,1700
6/6/1999,1690
6/7/1999,1710
6/8/1999,1740
6/9/1999,1720
6/10/1999,1740
6/11/1999,1690
6/12/1999,1750
6/13/1999,1810
6/14/1999,1820
6/15/1999,1850
6/16/1999,1900
6/17/1999,1910
6/18/1999,1920
6/19/1999,1920
6/20/1999,1840
6/21/1999,1690
6/22/1999,1580
6/23/1999,1570
6/24/1999,1630
6/25/1999,1560
6/26/1999,1460
6/27/1999,1310
6/28/1999,1230
6/29/1999,1170
6/30/1999,1160
7/1/1999,1250
7/2/1999,1320
7/3/1999,1250
7/4/1999,1170
7/5/1999,1140
7/6/1999,1200
7/7/1999,1170
7/8/1999,1060
7/9/1999,958
7/10/1999,864
7/11/1999,783
7/12/1999,727
7/13/1999,658
7/14/1999,608
7/15/1999,595
7/16/1999,565
7/17/1999,549
7/18/1999,523
7/19/1999,532
7/20/1999,574
7/21/1999,495
7/22/1999,437
7/23/1999,406
7/24/1999,382
7/25/1999,336
7/26/1999,301
7/27/1999,278
7/28/1999,256
7/29/1999,230
7/30/1999,207
7/31/1999,199
8/1/1999,185
8/2/1999,209
8/3/1999,195
8/4/1999,229
8/5/1999,469
8/6/1999,440
8/7/1999,449
8/8/1999,547
8/9/1999,616
8/10/1999,636
8/11/1999,565
8/12/1999,518
8/13/1999,477
8/14/1999,426
8/15/1999,383
8/16/1999,354
8/17/1999,348
8/18/1999,376
8/19/1999,420
8/20/1999,487
8/21/1999,562
8/22/1999,638
8/23/1999,695
8/24/1999,655
8/25/1999,567
8/26/1999,508
8/27/1999,460
8/28/1999,422
8/29/1999,397
8/30/1999,362
8/31/1999,328
9/1/1999,302
9/2/1999,279
9/3/1999,257
9/4/1999,241
9/5/1999,231
9/6/1999,229
9/7/1999,217
9/8/1999,199
9/9/1999,182
9/10/1999,170
9/11/1999,165
9/12/1999,163
9/13/1999,153
9/14/1999,147
9/15/1999,147
9/16/1999,148
9/17/1999,145
9/18/1999,155
9/19/1999,155
9/20/1999,160
9/21/1999,160
9/22/1999,161
9/23/1999,160
9/24/1999,161
9/25/1999,162
9/26/1999,165
9/27/1999,164
9/28/1999,165
9/29/1999,167
9/30/1999,164
10/1/1999,159
10/2/1999,158
10/3/1999,159
10/4/1999,159
10/5/1999,159
10/6/1999,159
10/7/1999,159
10/8/1999,162
10/9/1999,166
10/10/1999,169
10/11/1999,170
10/12/1999,170
10/13/1999,168
10/14/1999,167
10/15/1999,168
10/16/1999,163
10/17/1999,158
10/18/1999,159
10/19/1999,154
10/20/1999,150
10/21/1999,148
10/22/1999,146
10/23/1999,144
10/24/1999,143
10/25/1999,142
10/26/1999,139
10/27/1999,139
10/28/1999,137
10/29/1999,138
10/30/1999,139
10/31/1999,136
11/1/1999,135
11/2/1999,135
11/3/1999,135
11/4/1999,132
11/5/1999,130
11/6/1999,127
11/7/1999,126
11/8/1999,127
11/9/1999,128
11/10/1999,124
11/11/1999,122
11/12/1999,121
11/13/1999,121
11/14/1999,120
11/15/1999,117
11/16/1999,116
11/17/1999,115
11/18/1999,114
11/19/1999,112
11/20/1999,112
11/21/1999,114
11/22/1999,114
11/23/1999,116
11/24/1999,119
11/25/1999,121
11/26/1999,125
11/27/1999,128
11/28/1999,130
11/29/1999,134
11/30/1999,137
12/1/1999,141
12/2/1999,142
12/3/1999,143
12/4/1999,147
12/5/1999,152
12/6/1999,153
12/7/1999,152
12/8/1999,151
12/9/1999,151
12/10/1999,150
12/11/1999,148
12/12/1999,144
12/13/1999,143
12/14/1999,142
12/15/1999,141
12/16/1999,141
12/17/1999,141
12/18/1999,141
12/19/1999,138
12/20/1999,136
12/21/1999,136
12/22/1999,134
12/23/1999,132
12/24/1999,131
12/25/1999,131
12/26/1999,130
12/27/1999,132
12/28/1999,129
12/29/1999,131
12/30/1999,132
12/31/1999,131
1/1/2000,132
1/2/2000,131
1/3/2000,137
1/4/2000,130
1/5/2000,130
1/6/2000,125
1/7/2000,125
1/8/2000,128
1/9/2000,140
1/10/2000,148
1/11/2000,151
1/12/2000,150
1/13/2000,148
1/14/2000,146
1/15/2000,146
1/16/2000,143
1/17/2000,142
1/18/2000,141
1/19/2000,141
1/20/2000,139
1/21/2000,139
1/22/2000,139
1/23/2000,138
1/24/2000,135
1/25/2000,131
1/26/2000,126
1/27/2000,120
1/28/2000,120
1/29/2000,115
1/30/2000,112
1/31/2000,105
2/1/2000,102
2/2/2000,101
2/3/2000,98
2/4/2000,96
2/5/2000,100
2/6/2000,108
2/7/2000,109
2/8/2000,111
2/9/2000,113
2/10/2000,115
2/11/2000,117
2/12/2000,123
2/13/2000,127
2/14/2000,131
2/15/2000,139
2/16/2000,151
2/17/2000,164
2/18/2000,173
2/19/2000,173
2/20/2000,174
2/21/2000,174
2/22/2000,174
2/23/2000,180
2/24/2000,179
2/25/2000,189
2/26/2000,186
2/27/2000,189
2/28/2000,196
2/29/2000,193
3/1/2000,195
3/2/2000,225
3/3/2000,253
3/4/2000,263
3/5/2000,273
3/6/2000,273
3/7/2000,270
3/8/2000,280
3/9/2000,274
3/10/2000,276
3/11/2000,277
3/12/2000,274
3/13/2000,272
3/14/2000,277
3/15/2000,283
3/16/2000,287
3/17/2000,302
3/18/2000,317
3/19/2000,323
3/20/2000,315
3/21/2000,303
3/22/2000,304
3/23/2000,372
3/24/2000,565
3/25/2000,595
3/26/2000,584
3/27/2000,568
3/28/2000,544
3/29/2000,494
3/30/2000,466
3/31/2000,457
4/1/2000,449
4/2/2000,512
4/3/2000,482
4/4/2000,448
4/5/2000,424
4/6/2000,400
4/7/2000,401
4/8/2000,386
4/9/2000,356
4/10/2000,332
4/11/2000,306
4/12/2000,290
4/13/2000,281
4/14/2000,276
4/15/2000,273
4/16/2000,267
4/17/2000,260
4/18/2000,254
4/19/2000,252
4/20/2000,245
4/21/2000,237
4/22/2000,232
4/23/2000,242
4/24/2000,232
4/25/2000,227
4/26/2000,220
4/27/2000,218
4/28/2000,211
4/29/2000,205
4/30/2000,212
5/1/2000,267
5/2/2000,658
5/3/2000,661
5/4/2000,563
5/5/2000,493
5/6/2000,422
5/7/2000,418
5/8/2000,396
5/9/2000,363
5/10/2000,343
5/11/2000,319
5/12/2000,290
5/13/2000,263
5/14/2000,246
5/15/2000,233
5/16/2000,220
5/17/2000,213
5/18/2000,200
5/19/2000,189
5/20/2000,182
5/21/2000,174
5/22/2000,162
5/23/2000,151
5/24/2000,143
5/25/2000,136
5/26/2000,138
5/27/2000,133
5/28/2000,126
5/29/2000,118
5/30/2000,111
5/31/2000,105
6/1/2000,100
6/2/2000,103
6/3/2000,97
6/4/2000,93
6/5/2000,88
6/6/2000,86
6/7/2000,84
6/8/2000,80
6/9/2000,77
6/10/2000,74
6/11/2000,72
6/12/2000,70
6/13/2000,68
6/14/2000,66
6/15/2000,64
6/16/2000,62
6/17/2000,61
6/18/2000,61
6/19/2000,59
6/20/2000,58
6/21/2000,56
6/22/2000,55
6/23/2000,54
6/24/2000,63
6/25/2000,55
6/26/2000,61
6/27/2000,55
6/28/2000,54
6/29/2000,54
6/30/2000,62
7/1/2000,57
7/2/2000,53
7/3/2000,52
7/4/2000,51
7/5/2000,50
7/6/2000,48
7/7/2000,193
7/8/2000,156
7/9/2000,97
7/10/2000,74
7/11/2000,68
7/12/2000,60
7/13/2000,54
7/14/2000,48
7/15/2000,43
7/16/2000,40
7/17/2000,39
7/18/2000,41
7/19/2000,42
7/20/2000,53
7/21/2000,58
7/22/2000,67
7/23/2000,125
7/24/2000,190
7/25/2000,294
7/26/2000,417
7/27/2000,328
7/28/2000,210
7/29/2000,159
7/30/2000,182
7/31/2000,243
8/1/2000,198
8/2/2000,171
8/3/2000,124
8/4/2000,99
8/5/2000,83
8/6/2000,71
8/7/2000,62
8/8/2000,55
8/9/2000,50
8/10/2000,46
8/11/2000,42
8/12/2000,40
8/13/2000,38
8/14/2000,36
8/15/2000,34
8/16/2000,32
8/17/2000,31
8/18/2000,30
8/19/2000,29
8/20/2000,28
8/21/2000,28
8/22/2000,26
8/23/2000,25
8/24/2000,24
8/25/2000,22
8/26/2000,20
8/27/2000,19
8/28/2000,18
8/29/2000,18
8/30/2000,17
8/31/2000,16
9/1/2000,16
9/2/2000,15
9/3/2000,14
9/4/2000,13
9/5/2000,13
9/6/2000,12
9/7/2000,12
9/8/2000,11
9/9/2000,11
9/10/2000,10
9/11/2000,9.6
9/12/2000,8.8
9/13/2000,8.6
9/14/2000,7.9
9/15/2000,7.5
9/16/2000,7.1
9/17/2000,6.7
9/18/2000,6.2
9/19/2000,5.9
9/20/2000,5.6
9/21/2000,5.6
9/22/2000,5.6
9/23/2000,5.7
9/24/2000,6.3
9/25/2000,6.3
9/26/2000,6.1
9/27/2000,5.7
9/28/2000,5.6
9/29/2000,5.5
10/1/2000,5.2
10/2/2000,5.5
10/3/2000,5.4
10/4/2000,5.2
10/5/2000,6.5
10/6/2000,6.1
10/7/2000,5.9
10/8/2000,5.8
10/9/2000,6
10/10/2000,6.2
10/11/2000,6.6
10/12/2000,6.6
10/13/2000,6.9
10/14/2000,7
10/15/2000,7.1
10/16/2000,7.2
10/17/2000,7
10/18/2000,6.5
10/19/2000,5.7
10/20/2000,5.4
10/21/2000,5.2
10/22/2000,6.3
10/23/2000,6.6
10/24/2000,11
10/25/2000,13
10/26/2000,15
10/27/2000,29
10/28/2000,70
10/29/2000,31
10/30/2000,17
10/31/2000,12
11/1/2000,12
11/2/2000,13
11/3/2000,11
11/4/2000,10
11/5/2000,9.5
11/6/2000,8.7
11/7/2000,7.7
11/8/2000,6.8
11/9/2000,6.6
11/10/2000,6.3
11/11/2000,6.7
11/12/2000,6.7
11/13/2000,7.2
11/14/2000,7.3
11/15/2000,6.6
11/16/2000,5.9
11/17/2000,6.2
11/18/2000,5.7
11/19/2000,5.5
11/20/2000,5.2
11/21/2000,5.2
11/22/2000,5.2
11/23/2000,5.3
11/24/2000,5.1
11/25/2000,5
11/26/2000,5
11/27/2000,5
11/28/2000,4.9
11/29/2000,4.7
11/30/2000,4.8
12/1/2000,4.9
12/2/2000,4.5
12/3/2000,4.6
12/4/2000,5.1
12/5/2000,4.5
12/6/2000,4.5
12/7/2000,4.3
12/8/2000,4
12/9/2000,4
12/10/2000,3.8
12/11/2000,3.8
12/12/2000,3.7
12/13/2000,3.7
12/14/2000,4
12/15/2000,4
12/16/2000,3.7
12/17/2000,3.7
12/18/2000,3.5
12/19/2000,3.4
12/20/2000,3.4
12/21/2000,3.4
12/22/2000,3.4
12/23/2000,3.4
12/24/2000,3.5
12/25/2000,3.5
12/26/2000,3.5
12/27/2000,3.7
12/28/2000,4
12/29/2000,4
12/30/2000,4.2
12/31/2000,4.2
1/1/2001,4.5
1/2/2001,4.5
1/3/2001,4.8
1/4/2001,7
1/5/2001,6.5
1/6/2001,6.2
1/7/2001,6.2
1/8/2001,6.2
1/9/2001,6.2
1/10/2001,5.7
1/11/2001,5.3
1/12/2001,4.8
1/13/2001,4.9
1/14/2001,4.5
1/15/2001,4.8
1/16/2001,4.8
1/17/2001,4.8
1/18/2001,4.2
1/19/2001,4.2
1/20/2001,4.2
1/21/2001,4.2
1/22/2001,5
1/23/2001,5.2
1/24/2001,5.2
1/25/2001,5.3
1/26/2001,5.6
1/27/2001,5.7
1/28/2001,5.7
1/29/2001,5.7
1/30/2001,8.7
1/31/2001,8.7
2/1/2001,8.1
2/2/2001,7.7
2/3/2001,7.9
2/4/2001,7.5
2/5/2001,7.7
2/6/2001,8.2
2/7/2001,8.6
2/8/2001,9.6
2/9/2001,10
2/10/2001,11
2/11/2001,12
2/12/2001,13
2/13/2001,13
2/14/2001,13
2/15/2001,12
2/16/2001,13
2/17/2001,12
2/18/2001,12
2/19/2001,15
2/20/2001,15
2/21/2001,14
2/22/2001,16
2/23/2001,16
2/24/2001,21
2/25/2001,23
2/26/2001,65
2/27/2001,69
2/28/2001,44
3/1/2001,44
3/2/2001,44
3/3/2001,47
3/4/2001,41
3/5/2001,38
3/6/2001,36
3/7/2001,33
3/8/2001,32
3/9/2001,31
3/10/2001,30
3/11/2001,31
3/12/2001,30
3/13/2001,29
3/14/2001,28
3/15/2001,30
3/16/2001,28
3/17/2001,28
3/18/2001,28
3/19/2001,29
3/20/2001,29
3/21/2001,31
3/22/2001,32
3/23/2001,32
3/24/2001,32
3/25/2001,32
3/26/2001,33
3/27/2001,33
3/28/2001,33
3/29/2001,34
3/30/2001,33
3/31/2001,34
4/1/2001,34
4/2/2001,34
4/3/2001,32
4/4/2001,33
4/5/2001,34
4/6/2001,35
4/7/2001,34
4/8/2001,33
4/9/2001,33
4/10/2001,34
4/11/2001,39
4/12/2001,166
4/13/2001,161
4/14/2001,96
4/15/2001,102
4/16/2001,86
4/17/2001,66
4/18/2001,58
4/19/2001,52
4/20/2001,48
4/21/2001,44
4/22/2001,41
4/23/2001,38
4/24/2001,36
4/25/2001,34
4/26/2001,33
4/27/2001,32
4/28/2001,30
4/29/2001,29
4/30/2001,27
5/1/2001,26
5/2/2001,25
5/3/2001,24
5/4/2001,36
5/5/2001,498
5/6/2001,659
5/7/2001,294
5/8/2001,214
5/9/2001,375
5/10/2001,332
5/11/2001,153
5/12/2001,99
5/13/2001,77
5/14/2001,64
5/15/2001,55
5/16/2001,49
5/17/2001,47
5/18/2001,45
5/19/2001,41
5/20/2001,40
5/21/2001,38
5/22/2001,36
5/23/2001,34
5/24/2001,32
5/25/2001,31
5/26/2001,30
5/27/2001,30
5/28/2001,31
5/29/2001,33
5/30/2001,48
5/31/2001,109
6/1/2001,243
6/2/2001,582
6/3/2001,666
6/4/2001,502
6/5/2001,379
6/6/2001,323
6/7/2001,341
6/8/2001,461
6/9/2001,628
6/10/2001,497
6/11/2001,532
6/12/2001,377
6/13/2001,288
6/14/2001,238
6/15/2001,215
6/16/2001,199
6/17/2001,182
6/18/2001,164
6/19/2001,149
6/20/2001,139
6/21/2001,130
6/22/2001,119
6/23/2001,108
6/24/2001,100
6/25/2001,92
6/26/2001,85
6/27/2001,78
6/28/2001,73
6/29/2001,67
6/30/2001,63
7/1/2001,58
7/2/2001,54
7/3/2001,50
7/4/2001,47
7/5/2001,44
7/6/2001,42
7/7/2001,38
7/8/2001,35
7/9/2001,33
7/10/2001,31
7/11/2001,29
7/12/2001,27
7/13/2001,26
7/14/2001,25
7/15/2001,31
7/16/2001,28
7/17/2001,25
7/18/2001,23
7/19/2001,21
7/20/2001,20
7/21/2001,19
7/22/2001,17
7/23/2001,16
7/24/2001,16
7/25/2001,14
7/26/2001,14
7/27/2001,16
7/28/2001,35
7/29/2001,20
7/30/2001,17
7/31/2001,36
8/1/2001,38
8/2/2001,26
8/3/2001,20
8/4/2001,16
8/5/2001,13
8/6/2001,11
8/7/2001,10
8/8/2001,9.5
8/9/2001,8.4
8/10/2001,7.5
8/11/2001,7.1
8/12/2001,6.4
8/13/2001,5.7
8/14/2001,5.2
8/15/2001,7.3
8/16/2001,5.5
8/17/2001,5.8
8/18/2001,4.5
8/19/2001,3.9
8/20/2001,3.5
8/21/2001,2.9
8/22/2001,2.4
8/23/2001,2
8/24/2001,1.8
8/25/2001,1.6
8/26/2001,1.3
8/27/2001,1.1
8/28/2001,0.85
8/29/2001,0.65
8/30/2001,0.59
8/31/2001,0.55
9/1/2001,0.43
9/2/2001,0.77
9/3/2001,2
9/4/2001,0.9
9/5/2001,0.87
9/6/2001,0.96
9/7/2001,1.1
9/8/2001,0.84
9/9/2001,0.8
9/10/2001,0.78
9/11/2001,0.56
9/12/2001,0.18
9/13/2001,0.16
9/14/2001,0.14
9/15/2001,0.27
9/16/2001,0.24
9/17/2001,1.5
9/18/2001,35
9/19/2001,846
9/20/2001,2100
9/21/2001,1840
9/22/2001,599
9/23/2001,388
9/24/2001,250
9/25/2001,162
9/26/2001,124
9/27/2001,101
9/28/2001,84
9/29/2001,71
9/30/2001,58
10/1/2001,47
10/2/2001,39
10/3/2001,32
10/4/2001,28
10/5/2001,25
10/6/2001,22
10/7/2001,19
10/8/2001,18
10/9/2001,17
10/10/2001,15
10/11/2001,14
10/12/2001,13
10/13/2001,12
10/14/2001,12
10/15/2001,11
10/16/2001,10
10/17/2001,9.9
10/18/2001,9.4
10/19/2001,8.7
10/20/2001,8.1
10/21/2001,7.7
10/22/2001,7.5
10/23/2001,6.8
10/24/2001,6.2
10/25/2001,5.6
10/26/2001,5.7
10/27/2001,5.2
10/28/2001,4.7
10/29/2001,4.3
10/30/2001,4.1
10/31/2001,4.3
11/1/2001,3.9
11/2/2001,3.4
11/3/2001,3.2
11/4/2001,2.9
11/5/2001,3
11/6/2001,2.5
11/7/2001,2.5
11/8/2001,2.1
11/9/2001,1.9
11/10/2001,1.8
11/11/2001,1.7
11/12/2001,1.7
11/13/2001,1.6
11/14/2001,1.4
11/15/2001,1.4
11/16/2001,1
11/17/2001,0.92
11/18/2001,1
11/19/2001,0.87
11/20/2001,0.76
11/21/2001,1.2
11/22/2001,0.85
11/23/2001,0.82
11/24/2001,0.97
11/25/2001,0.9
11/26/2001,0.93
11/27/2001,0.7
11/28/2001,0.83
11/29/2001,1.2
11/30/2001,1.4
12/1/2001,1.3
12/2/2001,1.3
12/3/2001,1.3
12/4/2001,1.4
12/5/2001,1.5
12/6/2001,1.2
12/7/2001,1
12/8/2001,0.94
12/9/2001,0.88
12/10/2001,1
12/11/2001,1.1
12/12/2001,1.1
12/13/2001,1.5
12/14/2001,1.5
12/15/2001,1.4
12/16/2001,1.6
12/17/2001,1.3
12/18/2001,1.3
12/19/2001,1.5
12/20/2001,1.3
12/21/2001,0.99
12/22/2001,1.1
12/23/2001,0.85
12/24/2001,0.81
12/25/2001,0.83
12/26/2001,0.81
12/27/2001,0.94
12/28/2001,1.2
12/29/2001,1
12/30/2001,1
12/31/2001,0.95
1/1/2002,1
1/2/2002,0.84
1/3/2002,0.82
1/4/2002,1.1
1/5/2002,1.3
1/6/2002,1.4
1/7/2002,1.2
1/8/2002,1.4
1/9/2002,1.7
1/10/2002,1.4
1/11/2002,1.2
1/12/2002,1.1
1/13/2002,1.2
1/14/2002,0.95
1/15/2002,0.84
1/16/2002,0.79
1/17/2002,0.71
1/18/2002,0.65
1/19/2002,0.72
1/20/2002,0.72
1/21/2002,0.71
1/22/2002,0.75
1/23/2002,0.89
1/24/2002,0.76
1/25/2002,0.62
1/26/2002,0.62
1/27/2002,0.67
1/28/2002,0.57
1/29/2002,0.54
1/30/2002,0.51
1/31/2002,0.37
2/1/2002,0.45
2/2/2002,0.81
2/3/2002,0.89
2/4/2002,0.83
2/5/2002,1.1
2/6/2002,1.4
2/7/2002,1.7
2/8/2002,1.9
2/9/2002,3
2/10/2002,2.3
2/11/2002,1.9
2/12/2002,1.8
2/13/2002,1.6
2/14/2002,1.5
2/15/2002,1.3
2/16/2002,1.1
2/17/2002,1.4
2/18/2002,0.98
2/19/2002,1
2/20/2002,0.94
2/21/2002,0.76
2/22/2002,0.84
2/23/2002,0.98
2/24/2002,0.87
2/25/2002,0.73
2/26/2002,0.58
2/27/2002,0.55
2/28/2002,0.53
3/1/2002,0.34
3/2/2002,0.14
3/3/2002,0.13
3/4/2002,0.16
3/5/2002,0.48
3/6/2002,0.54
3/7/2002,0.72
3/8/2002,0.79
3/9/2002,0.49
3/10/2002,0.65
3/11/2002,0.75
3/12/2002,0.87
3/13/2002,0.91
3/14/2002,0.99
3/15/2002,0.88
3/16/2002,0.77
3/17/2002,0.65
3/18/2002,0.41
3/19/2002,0.51
3/20/2002,0.5
3/21/2002,0.36
3/22/2002,0.27
3/23/2002,0.22
3/24/2002,0.23
3/25/2002,0.18
3/26/2002,0.17
3/27/2002,0.14
3/28/2002,0.13
3/29/2002,0.13
3/30/2002,0.15
3/31/2002,0.58
4/1/2002,0.41
4/2/2002,0.24
4/3/2002,0.11
4/4/2002,0.07
4/5/2002,0.05
4/6/2002,0.06
4/7/2002,0.05
4/8/2002,0.07
4/9/2002,0.05
4/10/2002,0.06
4/11/2002,0.07
4/12/2002,0.05
4/13/2002,0.04
4/14/2002,0.04
4/15/2002,0.04
4/16/2002,0.03
4/17/2002,0.01
4/18/2002,0
4/19/2002,0
4/20/2002,0
4/21/2002,0
4/22/2002,0
4/23/2002,0
4/24/2002,0
4/25/2002,0
4/26/2002,0
4/27/2002,0
4/28/2002,0
4/29/2002,0
4/30/2002,0
5/1/2002,0
5/2/2002,0
5/3/2002,0
5/4/2002,0.01
5/5/2002,0.02
5/6/2002,0.04
5/7/2002,0.05
5/8/2002,0.04
5/9/2002,0.03
5/10/2002,0.03
5/11/2002,0.07
5/12/2002,0.03
5/13/2002,0
5/14/2002,0
5/15/2002,0
5/16/2002,0
5/17/2002,0.02
5/18/2002,0
5/19/2002,0.01
5/20/2002,0.04
5/21/2002,0.06
5/22/2002,0.05
5/23/2002,0.08
5/24/2002,0.11
5/25/2002,0.1
5/26/2002,0.05
5/27/2002,0.02
5/28/2002,0
5/29/2002,0
5/30/2002,0
5/31/2002,0
6/1/2002,0
6/2/2002,0
6/3/2002,0
6/4/2002,0.02
6/5/2002,0.06
6/6/2002,0.04
6/7/2002,0.03
6/8/2002,0.02
6/9/2002,0.02
6/10/2002,0.03
6/11/2002,0.04
6/12/2002,0.6
6/13/2002,0.6
6/14/2002,0.52
6/15/2002,0.65
6/16/2002,0.39
6/17/2002,0.31
6/18/2002,0.35
6/19/2002,0.28
6/20/2002,0.21
6/21/2002,0.19
6/22/2002,0.18
6/23/2002,0.15
6/24/2002,0.13
6/25/2002,0.1
6/26/2002,0.14
6/27/2002,0.08
6/28/2002,0.04
6/29/2002,0.01
6/30/2002,0
7/1/2002,0
7/2/2002,0
7/3/2002,0
7/4/2002,0
7/5/2002,0
7/6/2002,0
7/7/2002,0
7/8/2002,0
7/9/2002,0
7/10/2002,0
7/11/2002,0
7/12/2002,0
7/13/2002,0
7/14/2002,0
7/15/2002,0
7/16/2002,0
7/17/2002,0
7/18/2002,0
7/19/2002,0
7/20/2002,0
7/21/2002,0
7/22/2002,0
7/23/2002,0
7/24/2002,0
7/25/2002,0
7/26/2002,0
7/27/2002,0
7/28/2002,0
7/29/2002,0
7/30/2002,0
7/31/2002,0
8/1/2002,16
8/2/2002,3.1
8/3/2002,0
8/4/2002,0
8/5/2002,0
8/6/2002,0
8/7/2002,0
8/8/2002,0
8/9/2002,0
8/10/2002,0
8/11/2002,0
8/12/2002,0
8/13/2002,0
8/14/2002,0
8/15/2002,0
8/16/2002,0
8/17/2002,0
8/18/2002,0
8/19/2002,0
8/20/2002,0
8/21/2002,0
8/22/2002,0
8/23/2002,0
8/24/2002,0
8/25/2002,0
8/26/2002,0
8/27/2002,0
8/28/2002,0
8/29/2002,0
8/30/2002,0
8/31/2002,0
9/1/2002,0
9/2/2002,0
9/3/2002,0
9/4/2002,0
9/5/2002,0
9/6/2002,0
9/7/2002,0
9/8/2002,0
9/9/2002,0
9/10/2002,0
9/11/2002,0
9/12/2002,0
9/13/2002,0
9/14/2002,0
9/15/2002,0
9/16/2002,0
9/17/2002,0
9/18/2002,0
9/19/2002,0
9/20/2002,0
9/21/2002,0
9/22/2002,0
9/23/2002,0
9/24/2002,0
9/25/2002,0
9/26/2002,0
9/27/2002,0
9/28/2002,0
9/29/2002,0
9/30/2002,0
10/1/2002,0
10/2/2002,0
10/3/2002,0
10/4/2002,0
10/5/2002,0
10/6/2002,0
10/7/2002,0
10/8/2002,0
10/9/2002,0
10/10/2002,0
10/11/2002,0
10/12/2002,0
10/13/2002,0
10/14/2002,0
10/15/2002,0
10/16/2002,0
10/17/2002,0
10/18/2002,0
10/19/2002,0
10/20/2002,0
10/21/2002,0
10/22/2002,0
10/23/2002,0
10/24/2002,0
10/25/2002,0
10/26/2002,0
10/27/2002,0
10/28/2002,0
10/29/2002,0
10/30/2002,0
10/31/2002,0
11/1/2002,0
11/2/2002,0
11/3/2002,0
11/4/2002,0
11/5/2002,0
11/6/2002,0
11/7/2002,0
11/8/2002,0
11/9/2002,0
11/10/2002,0
11/11/2002,0
11/12/2002,0
11/13/2002,0
11/14/2002,0
11/15/2002,0
11/16/2002,0
11/17/2002,0
11/18/2002,0
11/19/2002,0
11/20/2002,0
11/21/2002,0
11/22/2002,0
11/23/2002,0
11/24/2002,0
11/25/2002,0
11/26/2002,0
11/27/2002,0
11/28/2002,0
11/29/2002,0
11/30/2002,0
12/1/2002,0
12/2/2002,0
12/3/2002,0
12/4/2002,0
12/5/2002,0
12/6/2002,0
12/7/2002,0
12/8/2002,0
12/9/2002,0
12/10/2002,0
12/11/2002,0
12/12/2002,0
12/13/2002,0
12/14/2002,0
12/15/2002,0
12/16/2002,0
12/17/2002,0
12/18/2002,0
12/19/2002,0
12/20/2002,0
12/21/2002,0
12/22/2002,0
12/23/2002,0
12/24/2002,0
12/25/2002,0
12/26/2002,0
12/27/2002,0
12/28/2002,0
12/29/2002,0
12/30/2002,0
12/31/2002,0
1/1/2003,0
1/2/2003,0
1/3/2003,0
1/4/2003,0
1/5/2003,0
1/6/2003,0
1/7/2003,0
1/8/2003,0
1/9/2003,0
1/10/2003,0
1/11/2003,0
1/12/2003,0
1/13/2003,0
1/14/2003,0
1/15/2003,0
1/16/2003,0
1/17/2003,0
1/18/2003,0
1/19/2003,0
1/20/2003,0
1/21/2003,0
1/22/2003,0
1/23/2003,0
1/24/2003,0
1/25/2003,0
1/26/2003,0
1/27/2003,0
1/28/2003,0
1/29/2003,0
1/30/2003,0
1/31/2003,0
2/1/2003,0
2/2/2003,0
2/3/2003,0
2/4/2003,0
2/5/2003,0
2/6/2003,0
2/7/2003,0
2/8/2003,0
2/9/2003,0
2/10/2003,0
2/11/2003,0
2/12/2003,0
2/13/2003,0
2/14/2003,0
2/15/2003,0
2/16/2003,0
2/17/2003,0
2/18/2003,0
2/19/2003,0
2/20/2003,0
2/21/2003,0
2/22/2003,0
2/23/2003,0
2/24/2003,0
2/25/2003,0
2/26/2003,0
2/27/2003,0
2/28/2003,0
3/1/2003,0
3/2/2003,0
3/3/2003,0
3/4/2003,0
3/5/2003,0
3/6/2003,0
3/7/2003,0
3/8/2003,0
3/9/2003,0
3/10/2003,0
3/11/2003,0
3/12/2003,0
3/13/2003,0
3/14/2003,0
3/15/2003,0
3/16/2003,0
3/17/2003,0
3/18/2003,0
3/19/2003,0
3/20/2003,0
3/21/2003,0
3/22/2003,0
3/23/2003,0
3/24/2003,0
3/25/2003,0
3/26/2003,0
3/27/2003,0
3/28/2003,0
3/29/2003,0
3/30/2003,0
3/31/2003,0
4/1/2003,0
4/2/2003,0
4/3/2003,0
4/4/2003,0
4/5/2003,0
4/6/2003,0
4/7/2003,0
4/8/2003,0
4/9/2003,0
4/10/2003,0
4/11/2003,0
4/12/2003,0
4/13/2003,0
4/14/2003,0
4/15/2003,0
4/16/2003,0
4/17/2003,0
4/18/2003,0
4/19/2003,0
4/20/2003,0
4/21/2003,0
4/22/2003,0
4/23/2003,0
4/24/2003,0
4/25/2003,0
4/26/2003,0
4/27/2003,0
4/28/2003,0
4/29/2003,0
4/30/2003,0
5/1/2003,0
5/2/2003,0
5/3/2003,0
5/4/2003,0
5/5/2003,0
5/6/2003,0
5/7/2003,0
5/8/2003,0
5/9/2003,0
5/10/2003,0
5/11/2003,0
5/12/2003,0
5/13/2003,0
5/14/2003,0
5/15/2003,0
5/16/2003,0
5/17/2003,0
5/18/2003,0
5/19/2003,0
5/20/2003,0
5/21/2003,0
5/22/2003,0
5/23/2003,0
5/24/2003,0
5/25/2003,0
5/26/2003,0
5/27/2003,0
5/28/2003,0
5/29/2003,0
5/30/2003,0
5/31/2003,0
6/1/2003,0
6/2/2003,0
6/3/2003,0
6/4/2003,0
6/5/2003,0
6/6/2003,0
6/7/2003,0
6/8/2003,0
6/9/2003,0
6/10/2003,0
6/11/2003,0
6/12/2003,0
6/13/2003,0
6/14/2003,0
6/15/2003,0
6/16/2003,0
6/17/2003,0
6/18/2003,0
6/19/2003,0
6/20/2003,0
6/21/2003,0
6/22/2003,0
6/23/2003,0
6/24/2003,0
6/25/2003,0
6/26/2003,0
6/27/2003,0
6/28/2003,0
6/29/2003,0
6/30/2003,0
7/1/2003,0
7/2/2003,0
7/3/2003,0
7/4/2003,0
7/5/2003,0
7/6/2003,0
7/7/2003,0
7/8/2003,0
7/9/2003,0
7/10/2003,0
7/11/2003,0
7/12/2003,0
7/13/2003,0
7/14/2003,0
7/15/2003,0
7/16/2003,0
7/17/2003,0
7/18/2003,0
7/19/2003,0
7/20/2003,0
7/21/2003,0
7/22/2003,0
7/23/2003,0
7/24/2003,0
7/25/2003,0
7/26/2003,0
7/27/2003,0
7/28/2003,0
7/29/2003,0
7/30/2003,0
7/31/2003,0
8/1/2003,0
8/2/2003,0
8/3/2003,0
8/4/2003,0
8/5/2003,0
8/6/2003,0
8/7/2003,0
8/8/2003,0
8/9/2003,0
8/10/2003,0
8/11/2003,0
8/12/2003,0
8/13/2003,0
8/14/2003,0
8/15/2003,0
8/16/2003,0
8/17/2003,0
8/18/2003,0
8/19/2003,0
8/20/2003,0
8/21/2003,0
8/22/2003,0
8/23/2003,0
8/24/2003,0
8/25/2003,0
8/26/2003,0
8/27/2003,0
8/28/2003,0
8/29/2003,0
8/30/2003,0
8/31/2003,0
9/1/2003,0
9/2/2003,0
9/3/2003,0
9/4/2003,0
9/5/2003,0
9/6/2003,0
9/7/2003,0
9/8/2003,0
9/9/2003,10
9/10/2003,22
9/11/2003,31
9/12/2003,33
9/13/2003,51
9/14/2003,95
9/15/2003,112
9/16/2003,160
9/17/2003,105
9/18/2003,68
9/19/2003,45
9/20/2003,29
9/21/2003,18
9/22/2003,11
9/23/2003,5.8
9/24/2003,2.3
9/25/2003,0.33
9/26/2003,0
9/27/2003,0
9/28/2003,0
9/29/2003,0
9/30/2003,0
10/1/2003,0
10/2/2003,0
10/3/2003,0
10/4/2003,0
10/5/2003,0
10/6/2003,0
10/7/2003,0
10/8/2003,0
10/9/2003,0
10/10/2003,0
10/11/2003,0
10/12/2003,0
10/13/2003,0
10/14/2003,0
10/15/2003,0
10/16/2003,0
10/17/2003,0
10/18/2003,0
10/19/2003,0
10/20/2003,0
10/21/2003,0
10/22/2003,0
10/23/2003,0
10/24/2003,0
10/25/2003,0
10/26/2003,0
10/27/2003,0
10/28/2003,0
10/29/2003,0
10/30/2003,0
10/31/2003,0
11/1/2003,0
11/2/2003,0
11/3/2003,0
11/4/2003,0
11/5/2003,0
11/6/2003,0
11/7/2003,0
11/8/2003,0
11/9/2003,0
11/10/2003,0
11/11/2003,0
11/12/2003,0
11/13/2003,0
11/14/2003,0
11/15/2003,0
11/16/2003,0
11/17/2003,0
11/18/2003,0
11/19/2003,0
11/20/2003,0
11/21/2003,0
11/22/2003,0
11/23/2003,0
11/24/2003,0
11/25/2003,0
11/26/2003,0
11/27/2003,0
11/28/2003,0
11/29/2003,0
11/30/2003,0
12/1/2003,0
12/2/2003,0
12/3/2003,0
12/4/2003,0
12/5/2003,0
12/6/2003,0
12/7/2003,0
12/8/2003,0
12/9/2003,0
12/10/2003,0
12/11/2003,0
12/12/2003,0
12/13/2003,0
12/14/2003,0
12/15/2003,0
12/16/2003,0
12/17/2003,0
12/18/2003,0
12/19/2003,0
12/20/2003,0
12/21/2003,0
12/22/2003,0
12/23/2003,0
12/24/2003,0
12/25/2003,0
12/26/2003,0
12/27/2003,0
12/28/2003,0
12/29/2003,0
12/30/2003,0
12/31/2003,0
1/1/2004,0
1/2/2004,0
1/3/2004,0
1/4/2004,0
1/5/2004,0
1/6/2004,0
1/7/2004,0
1/8/2004,0
1/9/2004,0
1/10/2004,0
1/11/2004,0
1/12/2004,0
1/13/2004,0
1/14/2004,0
1/15/2004,0
1/16/2004,0
1/17/2004,0
1/18/2004,0
1/19/2004,0
1/20/2004,0
1/21/2004,0
1/22/2004,0
1/23/2004,0
1/24/2004,0
1/25/2004,0
1/26/2004,0
1/27/2004,0
1/28/2004,0
1/29/2004,0
1/30/2004,0
1/31/2004,0
2/1/2004,0
2/2/2004,0
2/3/2004,0
2/4/2004,0
2/5/2004,0
2/6/2004,0
2/7/2004,0
2/8/2004,0
2/9/2004,0
2/10/2004,0
2/11/2004,0
2/12/2004,0
2/13/2004,0
2/14/2004,0
2/15/2004,0
2/16/2004,0
2/17/2004,0
2/18/2004,0
2/19/2004,0
2/20/2004,0
2/21/2004,0
2/22/2004,0
2/23/2004,0
2/24/2004,0
2/25/2004,0
2/26/2004,0
2/27/2004,0
2/28/2004,0
2/29/2004,0
3/1/2004,0
3/2/2004,0
3/3/2004,0
3/4/2004,0
3/5/2004,0
3/6/2004,0
3/7/2004,0
3/8/2004,0
3/9/2004,0
3/10/2004,0
3/11/2004,0
3/12/2004,0
3/13/2004,0
3/14/2004,0
3/15/2004,0
3/16/2004,0
3/17/2004,0
3/18/2004,0
3/19/2004,0
3/20/2004,0
3/21/2004,0
3/22/2004,0
3/23/2004,0
3/24/2004,0
3/25/2004,0
3/26/2004,0
3/27/2004,0
3/28/2004,0
3/29/2004,0
3/30/2004,0
3/31/2004,0
4/1/2004,0
4/2/2004,0
4/3/2004,0
4/4/2004,0
4/5/2004,0
4/6/2004,0
4/7/2004,0
4/8/2004,0
4/9/2004,0
4/10/2004,0
4/11/2004,0
4/12/2004,0
4/13/2004,0
4/14/2004,0
4/15/2004,0
4/16/2004,0
4/17/2004,0
4/18/2004,0
4/19/2004,0
4/20/2004,0
4/21/2004,0
4/22/2004,0
4/23/2004,0
4/24/2004,0
4/25/2004,0
4/26/2004,0
4/27/2004,0
4/28/2004,0
4/29/2004,0
4/30/2004,0
5/1/2004,0
5/2/2004,0
5/3/2004,0
5/4/2004,0
5/5/2004,0
5/6/2004,0
5/7/2004,0
5/8/2004,0
5/9/2004,0
5/10/2004,0
5/11/2004,0
5/12/2004,0
5/13/2004,0
5/14/2004,0
5/15/2004,0
5/16/2004,0
5/17/2004,0
5/18/2004,0
5/19/2004,0
5/20/2004,0
5/21/2004,0
5/22/2004,0
5/23/2004,0
5/24/2004,0
5/25/2004,0
5/26/2004,0
5/27/2004,0
5/28/2004,0
5/29/2004,0
5/30/2004,0
5/31/2004,0
6/1/2004,0
6/2/2004,0
6/3/2004,0
6/4/2004,0
6/5/2004,0
6/6/2004,0
6/7/2004,0
6/8/2004,0
6/9/2004,0
6/10/2004,0
6/11/2004,0
6/12/2004,0
6/13/2004,0
6/14/2004,0
6/15/2004,0
6/16/2004,0
6/17/2004,0
6/18/2004,0
6/19/2004,0
6/20/2004,78
6/21/2004,1010
6/22/2004,1250
6/23/2004,929
6/24/2004,420
6/25/2004,260
6/26/2004,216
6/27/2004,76
6/28/2004,36
6/29/2004,20
6/30/2004,12
7/1/2004,7.1
7/2/2004,7.2
7/3/2004,299
7/4/2004,1180
7/5/2004,1140
7/6/2004,382
7/7/2004,258
7/8/2004,215
7/9/2004,132
7/10/2004,81
7/11/2004,52
7/12/2004,34
7/13/2004,23
7/14/2004,16
7/15/2004,11
7/16/2004,7.9
7/17/2004,5.2
7/18/2004,3.4
7/19/2004,2.1
7/20/2004,1.1
7/21/2004,0.41
7/22/2004,0.16
7/23/2004,1.7
7/24/2004,1.3
7/25/2004,0.15
7/26/2004,0.03
7/27/2004,2.5
7/28/2004,3.7
7/29/2004,4.2
7/30/2004,1.2
7/31/2004,0.18
8/1/2004,0
8/2/2004,0
8/3/2004,0
8/4/2004,0
8/5/2004,0
8/6/2004,0
8/7/2004,0
8/8/2004,0
8/9/2004,0
8/10/2004,0
8/11/2004,0
8/12/2004,0
8/13/2004,0
8/14/2004,0
8/15/2004,0
8/16/2004,0
8/17/2004,0
8/18/2004,0
8/19/2004,0
8/20/2004,0
8/21/2004,0
8/22/2004,0
8/23/2004,0
8/24/2004,0
8/25/2004,0
8/26/2004,0
8/27/2004,0
8/28/2004,0
8/29/2004,0
8/30/2004,0
8/31/2004,0
9/1/2004,0
9/2/2004,0
9/3/2004,0
9/4/2004,0
9/5/2004,0
9/6/2004,0
9/7/2004,0
9/8/2004,0
9/9/2004,0
9/10/2004,0
9/11/2004,0
9/12/2004,0
9/13/2004,0
9/14/2004,0
9/15/2004,0
9/16/2004,0
9/17/2004,0
9/18/2004,0
9/19/2004,0
9/20/2004,0
9/21/2004,0
9/22/2004,0
9/23/2004,0
9/24/2004,0
9/25/2004,0
9/26/2004,0
9/27/2004,0
9/28/2004,0
9/29/2004,0
10/1/2004,0
10/2/2004,0
10/3/2004,0
10/4/2004,0
10/5/2004,0
10/6/2004,0
10/7/2004,0
10/8/2004,0
10/9/2004,0
10/10/2004,0
10/11/2004,0
10/12/2004,0
10/13/2004,0
10/14/2004,0
10/15/2004,0
10/16/2004,0
10/17/2004,0
10/18/2004,0
10/19/2004,0
10/20/2004,0
10/21/2004,0
10/22/2004,0
10/23/2004,0
10/24/2004,0
10/25/2004,0
10/26/2004,0
10/27/2004,0
10/28/2004,0
10/29/2004,0
10/30/2004,0
10/31/2004,0
11/1/2004,0
11/2/2004,0
11/3/2004,0
11/4/2004,0
11/5/2004,0
11/6/2004,0
11/7/2004,0
11/8/2004,0
11/9/2004,0
11/10/2004,0
11/11/2004,0
11/12/2004,0
11/13/2004,0
11/14/2004,0
11/15/2004,0
11/16/2004,0
11/17/2004,0
11/18/2004,0
11/19/2004,0
11/20/2004,0
11/21/2004,0
11/22/2004,0
11/23/2004,0
11/24/2004,0
11/25/2004,0
11/26/2004,0
11/27/2004,0
11/28/2004,0
11/29/2004,0
11/30/2004,0
12/1/2004,0
12/2/2004,0
12/3/2004,0
12/4/2004,0
12/5/2004,0
12/6/2004,0
12/7/2004,0
12/8/2004,0
12/9/2004,0
12/10/2004,0
12/11/2004,0
12/12/2004,0
12/13/2004,0
12/14/2004,0
12/15/2004,0
12/16/2004,0
12/17/2004,0
12/18/2004,0
12/19/2004,0
12/20/2004,0
12/21/2004,0
12/22/2004,0
12/23/2004,0
12/24/2004,0
12/25/2004,0
12/26/2004,0
12/27/2004,0
12/28/2004,0
12/29/2004,0
12/30/2004,0
12/31/2004,0
1/1/2005,0
1/2/2005,0
1/3/2005,0
1/4/2005,0
1/5/2005,0
1/6/2005,0
1/7/2005,0
1/8/2005,0
1/9/2005,0
1/10/2005,0
1/11/2005,0
1/12/2005,0
1/13/2005,0
1/14/2005,0
1/15/2005,0
1/16/2005,0
1/17/2005,0
1/18/2005,0
1/19/2005,0
1/20/2005,0
1/21/2005,0
1/22/2005,0
1/23/2005,0
1/24/2005,0
1/25/2005,0
1/26/2005,0
1/27/2005,0
1/28/2005,0
1/29/2005,0
1/30/2005,0
1/31/2005,0
2/1/2005,0
2/2/2005,0
2/3/2005,0
2/4/2005,0
2/5/2005,0
2/6/2005,0
2/7/2005,0
2/8/2005,0
2/9/2005,0
2/10/2005,0
2/11/2005,0
2/12/2005,0
2/13/2005,0
2/14/2005,0
2/15/2005,0
2/16/2005,0
2/17/2005,0
2/18/2005,0
2/19/2005,0
2/20/2005,0
2/21/2005,0
2/22/2005,0
2/23/2005,0
2/24/2005,0
2/25/2005,0
2/26/2005,0
2/27/2005,0
2/28/2005,0
3/1/2005,0
3/2/2005,0
3/3/2005,0
3/4/2005,0
3/5/2005,0
3/6/2005,0
3/7/2005,0
3/8/2005,0
3/9/2005,0
3/10/2005,0
3/11/2005,0
3/12/2005,0
3/13/2005,0
3/14/2005,0
3/15/2005,0
3/16/2005,0
3/17/2005,0
3/18/2005,0
3/19/2005,0
3/20/2005,0
3/21/2005,0
3/22/2005,0
3/23/2005,0
3/24/2005,0
3/25/2005,0
3/26/2005,0
3/27/2005,0
3/28/2005,0
3/29/2005,0
3/30/2005,0
3/31/2005,0
4/1/2005,0
4/2/2005,0
4/3/2005,0
4/4/2005,0
4/5/2005,0
4/6/2005,0
4/7/2005,0
4/8/2005,0
4/9/2005,0
4/10/2005,0
4/11/2005,0
4/12/2005,0
4/13/2005,0
4/14/2005,0
4/15/2005,0
4/16/2005,0
4/17/2005,0
4/18/2005,0
4/19/2005,0
4/20/2005,0
4/21/2005,0
4/22/2005,0
4/23/2005,0
4/24/2005,0
4/25/2005,0
4/26/2005,0
4/27/2005,0
4/28/2005,0
4/29/2005,0
4/30/2005,0
5/1/2005,0
5/2/2005,0
5/3/2005,0
5/4/2005,0
5/5/2005,0
5/6/2005,0
5/7/2005,0
5/8/2005,0
5/9/2005,0
5/10/2005,0
5/11/2005,0
5/12/2005,0
5/13/2005,0
5/14/2005,0
5/15/2005,0
5/16/2005,0
5/17/2005,0
5/18/2005,0
5/19/2005,0
5/20/2005,0
5/21/2005,0
5/22/2005,0
5/23/2005,0
5/24/2005,0
5/25/2005,0
5/26/2005,0
5/27/2005,0
5/28/2005,0
5/29/2005,0
5/30/2005,0
5/31/2005,0
6/1/2005,0
6/2/2005,0
6/3/2005,0
6/4/2005,0
6/5/2005,0
6/6/2005,0
6/7/2005,0
6/8/2005,0
6/9/2005,0
6/10/2005,0
6/11/2005,0
6/12/2005,0
6/13/2005,0
6/14/2005,0
6/15/2005,0
6/16/2005,0
6/17/2005,0
6/18/2005,0
6/19/2005,0
6/20/2005,0
6/21/2005,0
6/22/2005,0
6/23/2005,0
6/24/2005,0
6/25/2005,0
6/26/2005,0
6/27/2005,0
6/28/2005,0
6/29/2005,0
6/30/2005,0
7/1/2005,0
7/2/2005,0
7/3/2005,0
7/4/2005,0
7/5/2005,0
7/6/2005,0
7/7/2005,0
7/8/2005,0
7/9/2005,0
7/10/2005,0
7/11/2005,0
7/12/2005,0
7/13/2005,0
7/14/2005,0
7/15/2005,0
7/16/2005,0
7/17/2005,0
7/18/2005,0
7/19/2005,0
7/20/2005,0
7/21/2005,0
7/22/2005,0
7/23/2005,0
7/24/2005,0
7/25/2005,0
7/26/2005,0
7/27/2005,0
7/28/2005,0
7/29/2005,0
7/30/2005,0
7/31/2005,0
8/1/2005,0
8/2/2005,0
8/3/2005,0
8/4/2005,0
8/5/2005,0
8/6/2005,0
8/7/2005,0
8/8/2005,0
8/9/2005,0
8/10/2005,0
8/11/2005,0
8/12/2005,0
8/13/2005,0
8/14/2005,0
8/15/2005,0
8/16/2005,0
8/17/2005,0
8/18/2005,0
8/19/2005,0
8/20/2005,0
8/21/2005,0
8/22/2005,0
8/23/2005,0
8/24/2005,0
8/25/2005,0
8/26/2005,0
8/27/2005,0
8/28/2005,0
8/29/2005,0
8/30/2005,0
8/31/2005,0
9/1/2005,0
9/2/2005,0
9/3/2005,0
9/4/2005,0
9/5/2005,0
9/6/2005,0
9/7/2005,0
9/8/2005,0
9/9/2005,0
9/10/2005,0
9/11/2005,0
9/12/2005,0
9/13/2005,0
9/14/2005,0
9/15/2005,0
9/16/2005,0
9/17/2005,0
9/18/2005,0
9/19/2005,0
9/20/2005,0
9/21/2005,0
9/22/2005,0
9/23/2005,0
9/24/2005,0
9/25/2005,0
9/26/2005,0
9/27/2005,0
9/28/2005,0
9/29/2005,0
9/30/2005,0
10/1/2005,0
10/2/2005,0
10/3/2005,0
10/4/2005,0
10/5/2005,0
10/6/2005,0
10/7/2005,0
10/8/2005,0
10/9/2005,0
10/10/2005,0
10/11/2005,0
10/12/2005,0
10/13/2005,0
10/14/2005,0
10/15/2005,0
10/16/2005,0
10/17/2005,0
10/18/2005,0
10/19/2005,0
10/20/2005,0
10/21/2005,0
10/22/2005,0
10/23/2005,0
10/24/2005,0
10/25/2005,0
10/26/2005,0
10/27/2005,0
10/28/2005,0
10/29/2005,0
10/30/2005,0
10/31/2005,0
11/1/2005,0
11/2/2005,0
11/3/2005,0
11/4/2005,0
11/5/2005,0
11/6/2005,0
11/7/2005,0
11/8/2005,0
11/9/2005,0
11/10/2005,0
11/11/2005,0
11/12/2005,0
11/13/2005,0
11/14/2005,0
11/15/2005,0
11/16/2005,0
11/17/2005,0
11/18/2005,0
11/19/2005,0
11/20/2005,0
11/21/2005,0
11/22/2005,0
11/23/2005,0
11/24/2005,0
11/25/2005,0
11/26/2005,0
11/27/2005,0
11/28/2005,0
11/29/2005,0
11/30/2005,0
12/1/2005,0
12/2/2005,0
12/3/2005,0
12/4/2005,0
12/5/2005,0
12/6/2005,0
12/7/2005,0
12/8/2005,0
12/9/2005,0
12/10/2005,0
12/11/2005,0
12/12/2005,0
12/13/2005,0
12/14/2005,0
12/15/2005,0
12/16/2005,0
12/17/2005,0
12/18/2005,0
12/19/2005,0
12/20/2005,0
12/21/2005,0
12/22/2005,0
12/23/2005,0
12/24/2005,0
12/25/2005,0
12/26/2005,0
12/27/2005,0
12/28/2005,0
12/29/2005,0
12/30/2005,0
12/31/2005,0
1/1/2006,0
1/2/2006,0
1/3/2006,0
1/4/2006,0
1/5/2006,0
1/6/2006,0
1/7/2006,0
1/8/2006,0
1/9/2006,0
1/10/2006,0
1/11/2006,0
1/12/2006,0
1/13/2006,0
1/14/2006,0
1/15/2006,0
1/16/2006,0
1/17/2006,0
1/18/2006,0
1/19/2006,0
1/20/2006,0
1/21/2006,0
1/22/2006,0
1/23/2006,0
1/24/2006,0
1/25/2006,0
1/26/2006,0
1/27/2006,0
1/28/2006,0
1/29/2006,0
1/30/2006,0
1/31/2006,0
2/1/2006,0
2/2/2006,0
2/3/2006,0
2/4/2006,0
2/5/2006,0
2/6/2006,0
2/7/2006,0
2/8/2006,0
2/9/2006,0
2/10/2006,0
2/11/2006,0
2/12/2006,0
2/13/2006,0
2/14/2006,0
2/15/2006,0
2/16/2006,0
2/17/2006,0
2/18/2006,0
2/19/2006,0
2/20/2006,0
2/21/2006,0
2/22/2006,0
2/23/2006,0
2/24/2006,0
2/25/2006,0
2/26/2006,0
2/27/2006,0
2/28/2006,0
3/1/2006,0
3/2/2006,0
3/3/2006,0
3/4/2006,0
3/5/2006,0
3/6/2006,0
3/7/2006,0
3/8/2006,0
3/9/2006,0
3/10/2006,0
3/11/2006,0
3/12/2006,0
3/13/2006,0
3/14/2006,0
3/15/2006,0
3/16/2006,0
3/17/2006,0
3/18/2006,0
3/19/2006,0
3/20/2006,0
3/21/2006,0
3/22/2006,0
3/23/2006,0
3/24/2006,0
3/25/2006,0
3/26/2006,0
3/27/2006,0
3/28/2006,0
3/29/2006,0
3/30/2006,0
3/31/2006,0
4/1/2006,0
4/2/2006,0
4/3/2006,0
4/4/2006,0
4/5/2006,0
4/6/2006,0
4/7/2006,0
4/8/2006,0
4/9/2006,0
4/10/2006,0
4/11/2006,0
4/12/2006,0
4/13/2006,0
4/14/2006,0
4/15/2006,0
4/16/2006,0
4/17/2006,0
4/18/2006,0
4/19/2006,0
4/20/2006,0
4/21/2006,0
4/22/2006,0
4/23/2006,0
4/24/2006,0
4/25/2006,0
4/26/2006,0
4/27/2006,0
4/28/2006,0
4/29/2006,0
4/30/2006,0
5/1/2006,0
5/2/2006,0
5/3/2006,0
5/4/2006,0
5/5/2006,0
5/6/2006,0
5/7/2006,0
5/8/2006,0
5/9/2006,0
5/10/2006,0
5/11/2006,0
5/12/2006,0
5/13/2006,0
5/14/2006,0
5/15/2006,0
5/16/2006,0
5/17/2006,0
5/18/2006,0
5/19/2006,0
5/20/2006,0
5/21/2006,0
5/22/2006,0
5/23/2006,0
5/24/2006,0
5/25/2006,0
5/26/2006,0
5/27/2006,0
5/28/2006,0
5/29/2006,0
5/30/2006,0
5/31/2006,0
6/1/2006,0
6/2/2006,0
6/3/2006,0
6/4/2006,0
6/5/2006,0
6/6/2006,0
6/7/2006,0
6/8/2006,0
6/9/2006,0
6/10/2006,0
6/11/2006,0
6/12/2006,0
6/13/2006,0
6/14/2006,0
6/15/2006,0
6/16/2006,0
6/17/2006,0
6/18/2006,0
6/19/2006,0
6/20/2006,0
6/21/2006,0
6/22/2006,0
6/23/2006,0
6/24/2006,0
6/25/2006,0
6/26/2006,0
6/27/2006,0
6/28/2006,0
6/29/2006,0
6/30/2006,0
7/1/2006,0
7/2/2006,0
7/3/2006,0
7/4/2006,0
7/5/2006,0
7/6/2006,0
7/7/2006,0
7/8/2006,0
7/9/2006,0
7/10/2006,0
7/11/2006,0
7/12/2006,0
7/13/2006,0
7/14/2006,0
7/15/2006,0
7/16/2006,0
7/17/2006,0
7/18/2006,0
7/19/2006,0
7/20/2006,0
7/21/2006,0
7/22/2006,0
7/23/2006,0
7/24/2006,0
7/25/2006,0
7/26/2006,0
7/27/2006,0
7/28/2006,0
7/29/2006,0
7/30/2006,0
7/31/2006,0
8/1/2006,0
8/2/2006,0
8/3/2006,0
8/4/2006,0
8/5/2006,0
8/6/2006,0
8/7/2006,0
8/8/2006,0
8/9/2006,0
8/10/2006,0
8/11/2006,0
8/12/2006,0
8/13/2006,0
8/14/2006,0
8/15/2006,0
8/16/2006,0
8/17/2006,0
8/18/2006,0
8/19/2006,0
8/20/2006,21.9
8/21/2006,664
8/22/2006,1600
8/23/2006,1110
8/24/2006,1180
8/25/2006,650
8/26/2006,324
8/27/2006,218
8/28/2006,120
8/29/2006,62.8
8/30/2006,34.2
8/31/2006,19.2
9/1/2006,12.2
9/2/2006,8.14
9/3/2006,5.08
9/4/2006,2.74
9/5/2006,1.04
9/6/2006,0.24
9/7/2006,0.01
9/8/2006,0
9/9/2006,0
9/10/2006,0
9/11/2006,0
9/12/2006,0
9/13/2006,0
9/14/2006,0
9/15/2006,0
9/16/2006,0
9/17/2006,0
9/18/2006,0
9/19/2006,0
9/20/2006,0
9/21/2006,0
9/22/2006,0
9/23/2006,0
9/24/2006,0
9/25/2006,0
9/26/2006,0
9/27/2006,0
9/28/2006,0
9/29/2006,0
9/30/2006,0
10/1/2006,0
10/2/2006,0
10/3/2006,0
10/4/2006,0
10/5/2006,0
10/6/2006,0
10/7/2006,0
10/8/2006,0
10/9/2006,0
10/10/2006,0
10/11/2006,0
10/12/2006,0
10/13/2006,0
10/14/2006,0
10/15/2006,0
10/16/2006,0
10/17/2006,0
10/18/2006,0
10/19/2006,0
10/20/2006,0
10/21/2006,0
10/22/2006,0
10/23/2006,0
10/24/2006,0
10/25/2006,0
10/26/2006,0
10/27/2006,0
10/28/2006,0
10/29/2006,0
10/30/2006,0
10/31/2006,0
11/1/2006,0
11/2/2006,0
11/3/2006,0
11/4/2006,0
11/5/2006,0
11/6/2006,0
11/7/2006,0
11/8/2006,0
11/9/2006,0
11/10/2006,0
11/11/2006,0
11/12/2006,0
11/13/2006,0
11/14/2006,0
11/15/2006,0
11/16/2006,0
11/17/2006,0
11/18/2006,0
11/19/2006,0
11/20/2006,0
11/21/2006,0
11/22/2006,0
11/23/2006,0
11/24/2006,0
11/25/2006,0
11/26/2006,0
11/27/2006,0
11/28/2006,0
11/29/2006,0
11/30/2006,0
12/1/2006,0
12/2/2006,0
12/3/2006,0
12/4/2006,0
12/5/2006,0
12/6/2006,0
12/7/2006,0
12/8/2006,0
12/9/2006,0
12/10/2006,0
12/11/2006,0
12/12/2006,0
12/13/2006,0
12/14/2006,0
12/15/2006,0
12/16/2006,0
12/17/2006,0
12/18/2006,0
12/19/2006,0
12/20/2006,0
12/21/2006,0
12/22/2006,0
12/23/2006,0
12/24/2006,0
12/25/2006,0
12/26/2006,0
12/27/2006,0
12/28/2006,0
12/29/2006,0
12/30/2006,0
12/31/2006,0
1/1/2007,0
1/2/2007,293
1/3/2007,630
1/4/2007,591
1/5/2007,404
1/6/2007,244
1/7/2007,141
1/8/2007,82.4
1/9/2007,51.5
1/10/2007,40.1
1/11/2007,23.8
1/12/2007,15.7
1/13/2007,10
1/14/2007,9
1/15/2007,7
1/16/2007,5.11
1/17/2007,2.4
1/18/2007,1
1/19/2007,0.1
1/20/2007,0.05
1/21/2007,0.01
1/22/2007,0
1/23/2007,0
1/24/2007,0
1/25/2007,0
1/26/2007,0
1/27/2007,0
1/28/2007,0
1/29/2007,0
1/30/2007,0
1/31/2007,0
2/1/2007,0
2/2/2007,0
2/3/2007,0
2/4/2007,0
2/5/2007,0
2/6/2007,0
2/7/2007,0
2/8/2007,0
2/9/2007,0
2/10/2007,0
2/11/2007,0
2/12/2007,0
2/13/2007,0
2/14/2007,0
2/15/2007,0
2/16/2007,0
2/17/2007,0
2/18/2007,0
2/19/2007,0
2/20/2007,37.9
2/21/2007,222
2/22/2007,359
2/23/2007,204
2/24/2007,471
2/25/2007,903
2/26/2007,579
2/27/2007,278
2/28/2007,212
3/1/2007,127
3/2/2007,74.9
3/3/2007,46.3
3/4/2007,29.7
3/5/2007,21.2
3/6/2007,16.1
3/7/2007,12.7
3/8/2007,10.4
3/9/2007,8.48
3/10/2007,6.56
3/11/2007,8.03
3/12/2007,5.94
3/13/2007,5.23
3/14/2007,4.82
3/15/2007,4
3/16/2007,3.41
3/17/2007,3.19
3/18/2007,3
3/19/2007,2.55
3/20/2007,2.29
3/21/2007,2.25
3/22/2007,1.84
3/23/2007,1.71
3/24/2007,1.84
3/25/2007,1.43
3/26/2007,1.09
3/27/2007,3.9
3/28/2007,2.07
3/29/2007,18
3/30/2007,724
3/31/2007,1070
4/1/2007,2540
4/2/2007,3470
4/3/2007,2900
4/4/2007,1410
4/5/2007,712
4/6/2007,464
4/7/2007,332
4/8/2007,246
4/9/2007,192
4/10/2007,162
4/11/2007,138
4/12/2007,116
4/13/2007,110
4/14/2007,125
4/15/2007,486
4/16/2007,1080
4/17/2007,1330
4/18/2007,1480
4/19/2007,1080
4/20/2007,613
4/21/2007,443
4/22/2007,339
4/23/2007,263
4/24/2007,212
4/25/2007,174
4/26/2007,234
4/27/2007,178
4/28/2007,123
4/29/2007,100
4/30/2007,93.7
5/1/2007,86.5
5/2/2007,118
5/3/2007,116
5/4/2007,100
5/5/2007,105
5/6/2007,380
5/7/2007,821
5/8/2007,690
5/9/2007,581
5/10/2007,497
5/11/2007,352
5/12/2007,269
5/13/2007,217
5/14/2007,181
5/15/2007,157
5/16/2007,138
5/17/2007,124
5/18/2007,113
5/19/2007,104
5/20/2007,97.1
5/21/2007,91.4
5/22/2007,85.7
5/23/2007,261
5/24/2007,706
5/25/2007,643
5/26/2007,639
5/27/2007,482
5/28/2007,339
5/29/2007,279
5/30/2007,263
5/31/2007,339
6/1/2007,268
6/2/2007,240
6/3/2007,200
6/4/2007,165
6/5/2007,142
6/6/2007,126
6/7/2007,111
6/8/2007,97.9
6/9/2007,89.8
6/10/2007,91.7
6/11/2007,82.8
6/12/2007,77.8
6/13/2007,76
6/14/2007,95.7
6/15/2007,312
6/16/2007,395
6/17/2007,234
6/18/2007,205
6/19/2007,229
6/20/2007,166
6/21/2007,128
6/22/2007,107
6/23/2007,94.8
6/24/2007,85.5
6/25/2007,78.1
6/26/2007,72.8
6/27/2007,70
6/28/2007,69.9
6/29/2007,69.3
6/30/2007,66.8
7/1/2007,64.2
7/2/2007,62.5
7/3/2007,60.1
7/4/2007,61.9
7/5/2007,64
7/6/2007,63.9
7/7/2007,64.5
7/8/2007,70.2
7/9/2007,77.6
7/10/2007,74.5
7/11/2007,63.7
7/12/2007,72.9
7/13/2007,391
7/14/2007,1550
7/15/2007,3630
7/16/2007,4730
7/17/2007,3310
7/18/2007,1220
7/19/2007,713
7/20/2007,534
7/21/2007,404
7/22/2007,320
7/23/2007,262
7/24/2007,220
7/25/2007,189
7/26/2007,167
7/27/2007,149
7/28/2007,136
7/29/2007,127
7/30/2007,129
7/31/2007,117
8/1/2007,139
8/2/2007,319
8/3/2007,309
8/4/2007,220
8/5/2007,146
8/6/2007,143
8/7/2007,117
8/8/2007,104
8/9/2007,122
8/10/2007,102
8/11/2007,80.3
8/12/2007,71
8/13/2007,64.3
8/14/2007,57.5
8/15/2007,53
8/16/2007,49.6
8/17/2007,47.4
8/18/2007,46.1
8/19/2007,44.7
8/20/2007,43.3
8/21/2007,44.1
8/22/2007,42.1
8/23/2007,39.9
8/24/2007,41.1
8/25/2007,38.8
8/26/2007,35.6
8/27/2007,33.3
8/28/2007,32.5
8/29/2007,61.8
8/30/2007,60.1
8/31/2007,50
9/1/2007,42.8
9/2/2007,37
9/3/2007,32
9/4/2007,27
9/5/2007,24.2
9/6/2007,24.7
9/7/2007,33.1
9/8/2007,30.5
9/9/2007,29.2
9/10/2007,31.3
9/11/2007,33.5
9/12/2007,31.9
9/13/2007,29.9
9/14/2007,27.1
9/15/2007,24.9
9/16/2007,25
9/17/2007,22.8
9/18/2007,22.9
9/19/2007,21
9/20/2007,20.8
9/21/2007,20.7
9/22/2007,19.9
9/23/2007,19.4
9/24/2007,19.2
9/25/2007,19.2
9/26/2007,18.4
9/27/2007,18.1
9/28/2007,17.7
9/29/2007,17
9/30/2007,16
10/1/2007,16
10/2/2007,16.7
10/3/2007,15.5
10/4/2007,17.2
10/5/2007,15.5
10/6/2007,14.3
10/7/2007,14.4
10/8/2007,13.2
10/9/2007,11.8
10/10/2007,10.4
10/11/2007,11
10/12/2007,11.1
10/13/2007,11
10/14/2007,10
10/15/2007,9.57
10/16/2007,8.9
10/17/2007,9.2
10/18/2007,9.67
10/19/2007,7.2
10/20/2007,7.09
10/21/2007,6.36
10/22/2007,5.25
10/23/2007,5.21
10/24/2007,5
10/25/2007,4.55
10/26/2007,4.38
10/27/2007,3.7
10/28/2007,3.41
10/29/2007,4.14
10/30/2007,5.45
10/31/2007,4.61
11/1/2007,3.75
11/2/2007,4.09
11/3/2007,4.12
11/4/2007,4.72
11/5/2007,4.97
11/6/2007,4.47
11/7/2007,4.61
11/8/2007,5.85
11/9/2007,5.61
11/10/2007,5.72
11/11/2007,6.31
11/12/2007,4.81
11/13/2007,5.03
11/14/2007,4.78
11/15/2007,4.22
11/16/2007,5.62
11/17/2007,6.96
11/18/2007,9.73
11/19/2007,8.42
11/20/2007,7.9
11/21/2007,6.1
11/22/2007,5.1
11/23/2007,5.59
11/24/2007,7.19
11/25/2007,7.99
11/26/2007,7.85
11/27/2007,7.12
11/28/2007,8.3
11/29/2007,6.84
11/30/2007,6.19
12/1/2007,7.73
12/2/2007,6.87
12/3/2007,4.97
12/4/2007,6.37
12/5/2007,6.33
12/6/2007,6.72
12/7/2007,6.59
12/8/2007,5.55
12/9/2007,5.2
12/10/2007,5.2
12/11/2007,27
12/12/2007,17.1
12/13/2007,11.5
12/14/2007,9.81
12/15/2007,8.94
12/16/2007,9.54
12/17/2007,10.1
12/18/2007,11.5
12/19/2007,10.1
12/20/2007,10.3
12/21/2007,9.96
12/22/2007,7.63
12/23/2007,7.11
12/24/2007,6.53
12/25/2007,9.06
12/26/2007,8.15
12/27/2007,7
12/28/2007,6.74
12/29/2007,8.23
12/30/2007,8.51
12/31/2007,7.87
1/1/2008,7.99
1/2/2008,4.26
1/3/2008,6.41
1/4/2008,9.28
1/5/2008,9.31
1/6/2008,10.5
1/7/2008,9.56
1/8/2008,9.35
1/9/2008,9.84
1/10/2008,10.6
1/11/2008,9.79
1/12/2008,9.21
1/13/2008,8.48
1/14/2008,8.57
1/15/2008,9.69
1/16/2008,10
1/17/2008,5.49
1/18/2008,3.29
1/19/2008,3.31
1/20/2008,3.64
1/21/2008,3.3
1/22/2008,3.09
1/23/2008,3.35
1/24/2008,3.35
1/25/2008,9.18
1/26/2008,11.2
1/27/2008,10.7
1/28/2008,13
1/29/2008,10.3
1/30/2008,8.41
1/31/2008,6.71
2/1/2008,7.6
2/2/2008,7.17
2/3/2008,9.21
2/4/2008,9.04
2/5/2008,7.9
2/6/2008,7.29
2/7/2008,8.07
2/8/2008,8.87
2/9/2008,7.3
2/10/2008,6.21
2/11/2008,6.64
2/12/2008,6.68
2/13/2008,7.63
2/14/2008,7.88
2/15/2008,5.62
2/16/2008,7.04
2/17/2008,9.38
2/18/2008,7.52
2/19/2008,7.43
2/20/2008,7.11
2/21/2008,6.18
2/22/2008,6.7
2/23/2008,7.29
2/24/2008,7.94
2/25/2008,8.16
2/26/2008,6.32
2/27/2008,6.98
2/28/2008,7.56
2/29/2008,6.57
3/1/2008,6.62
3/2/2008,7.91
3/3/2008,6.6
3/4/2008,6.62
3/5/2008,6.56
3/6/2008,5.76
3/7/2008,5.57
3/8/2008,5.65
3/9/2008,5.52
3/10/2008,5.73
3/11/2008,6.9
3/12/2008,7.84
3/13/2008,7.15
3/14/2008,7.18
3/15/2008,6.54
3/16/2008,6.07
3/17/2008,6.44
3/18/2008,6.3
3/19/2008,5.48
3/20/2008,5.65
3/21/2008,5.18
3/22/2008,4.47
3/23/2008,4.3
3/24/2008,5.15
3/25/2008,5.79
3/26/2008,5.76
3/27/2008,6.51
3/28/2008,5.52
3/29/2008,5.73
3/30/2008,6.75
3/31/2008,7.44
4/1/2008,5.08
4/2/2008,5.03
4/3/2008,6.28
4/4/2008,5.39
4/5/2008,5.19
4/6/2008,4.68
4/7/2008,3.37
4/8/2008,11.6
4/9/2008,7.78
4/10/2008,11.2
4/11/2008,8.53
4/12/2008,5.84
4/13/2008,4.48
4/14/2008,3.63
4/15/2008,3.67
4/16/2008,3.44
4/17/2008,7.58
4/18/2008,5.85
4/19/2008,4.85
4/20/2008,20.3
4/21/2008,23.3
4/22/2008,14
4/23/2008,12
4/24/2008,9.91
4/25/2008,8.14
4/26/2008,6.32
4/27/2008,5.32
4/28/2008,5.65
4/29/2008,6.53
4/30/2008,8.37
5/1/2008,9.8
5/2/2008,8.59
5/3/2008,7.4
5/4/2008,7.72
5/5/2008,7.12
5/6/2008,7.83
5/7/2008,19.9
5/8/2008,186
5/9/2008,827
5/10/2008,1630
5/11/2008,2120
5/12/2008,1620
5/13/2008,779
5/14/2008,439
5/15/2008,316
5/16/2008,241
5/17/2008,192
5/18/2008,156
5/19/2008,126
5/20/2008,98.6
5/21/2008,74.1
5/22/2008,54.7
5/23/2008,46.9
5/24/2008,43.5
5/25/2008,40.9
5/26/2008,66.7
5/27/2008,572
5/28/2008,994
5/29/2008,775
5/30/2008,478
5/31/2008,286
6/1/2008,194
6/2/2008,143
6/3/2008,111
6/4/2008,85.5
6/5/2008,70.6
6/6/2008,58.7
6/7/2008,51
6/8/2008,41
6/9/2008,39.8
6/10/2008,37.3
6/11/2008,35.2
6/12/2008,31.5
6/13/2008,30.4
6/14/2008,28.1
6/15/2008,30.5
6/16/2008,28.2
6/17/2008,26.3
6/18/2008,25.8
6/19/2008,26.5
6/20/2008,23
6/21/2008,21.7
6/22/2008,20.4
6/23/2008,19.1
6/24/2008,18.4
6/25/2008,17.6
6/26/2008,16.3
6/27/2008,15.5
6/28/2008,17.4
6/29/2008,14.4
6/30/2008,13.3
7/1/2008,12.8
7/2/2008,12
7/3/2008,10.6
7/4/2008,9.69
7/5/2008,9.28
7/6/2008,8.12
7/7/2008,7.58
7/8/2008,9.01
7/9/2008,8.41
7/10/2008,8.05
7/11/2008,7.6
7/12/2008,7.18
7/13/2008,6.87
7/14/2008,6.22
7/15/2008,5.42
7/16/2008,4.5
7/17/2008,3.91
7/18/2008,5.05
7/19/2008,4.04
7/20/2008,3.07
7/21/2008,2.32
7/22/2008,1.69
7/23/2008,1.13
7/24/2008,0.58
7/25/2008,0.27
7/26/2008,1.94
7/27/2008,7.92
7/28/2008,2.5
7/29/2008,3.53
7/30/2008,2.9
7/31/2008,2.06
8/1/2008,1.37
8/2/2008,0.81
8/3/2008,0.26
8/4/2008,0.07
8/5/2008,0.05
8/6/2008,0.04
8/7/2008,0.94
8/8/2008,0.24
8/9/2008,0.29
8/10/2008,0.21
8/11/2008,0.16
8/12/2008,0.17
8/13/2008,0.05
8/14/2008,0.15
8/15/2008,0.05
8/16/2008,0.03
8/17/2008,0.05
8/18/2008,0.05
8/19/2008,0.02
8/20/2008,0.02
8/21/2008,0.01
8/22/2008,0.01
8/23/2008,0
8/24/2008,0.02
8/25/2008,0.02
8/26/2008,0.01
8/27/2008,0
8/28/2008,0
8/29/2008,0
8/30/2008,0
8/31/2008,0
9/1/2008,0
9/2/2008,1.1
9/3/2008,0.24
9/4/2008,0.04
9/5/2008,6.1
9/6/2008,18.7
9/7/2008,48.8
9/8/2008,47.4
9/9/2008,26.4
9/10/2008,16
9/11/2008,11.1
9/12/2008,12.5
9/13/2008,24.1
9/14/2008,26.3
9/15/2008,19.4
9/16/2008,13.3
9/17/2008,9.81
9/18/2008,7.78
9/19/2008,6.48
9/20/2008,5.24
9/21/2008,4.39
9/22/2008,3.93
9/23/2008,3.49
9/24/2008,2.99
9/25/2008,2.52
9/26/2008,2.03
9/27/2008,1.64
9/28/2008,1.48
9/29/2008,1.14
10/1/2008,0.69
10/2/2008,0.82
10/3/2008,0.57
10/4/2008,0.52
10/5/2008,0.46
10/6/2008,3.6
10/7/2008,2.79
10/8/2008,1.43
10/9/2008,1.12
10/10/2008,0.9
10/11/2008,0.63
10/12/2008,1.07
10/13/2008,4.45
10/14/2008,4.95
10/15/2008,52
10/16/2008,321
10/17/2008,252
10/18/2008,242
10/19/2008,184
10/20/2008,137
10/21/2008,114
10/22/2008,141
10/23/2008,1440
10/24/2008,742
10/25/2008,400
10/26/2008,266
10/27/2008,192
10/28/2008,135
10/29/2008,102
10/30/2008,81.9
10/31/2008,67
11/1/2008,56.9
11/2/2008,49.6
11/3/2008,43.4
11/4/2008,38.4
11/5/2008,35.6
11/6/2008,32.5
11/7/2008,30
11/8/2008,28.3
11/9/2008,27.1
11/10/2008,27
11/11/2008,25.8
11/12/2008,24.5
11/13/2008,24.3
11/14/2008,23.1
11/15/2008,21.7
11/16/2008,21.3
11/17/2008,20.4
11/18/2008,19.9
11/19/2008,19.7
11/20/2008,18.4
11/21/2008,18.1
11/22/2008,18
11/23/2008,17.8
11/24/2008,17.1
11/25/2008,17
11/26/2008,16.7
11/27/2008,16.4
11/28/2008,16.6
11/29/2008,16.6
11/30/2008,16.3
12/1/2008,15.7
12/2/2008,16.1
12/3/2008,15.3
12/4/2008,14.6
12/5/2008,14.9
12/6/2008,15.2
12/7/2008,15
12/8/2008,15.5
12/9/2008,14.1
12/10/2008,13.7
12/11/2008,14.2
12/12/2008,13.8
12/13/2008,14.9
12/14/2008,14
12/15/2008,12
12/16/2008,12
12/17/2008,12
12/18/2008,13
12/19/2008,13
12/20/2008,13
12/21/2008,12
12/22/2008,12
12/23/2008,13
12/24/2008,13
12/25/2008,13.8
12/26/2008,13.2
12/27/2008,12
12/28/2008,12
12/29/2008,11.7
12/30/2008,12
12/31/2008,11.4
1/1/2009,12
1/2/2009,12
1/3/2009,12
1/4/2009,11.5
1/5/2009,10.9
1/6/2009,11
1/7/2009,11.6
1/8/2009,10.6
1/9/2009,10.4
1/10/2009,9.86
1/11/2009,9.58
1/12/2009,9.81
1/13/2009,9.76
1/14/2009,9.41
1/15/2009,8.86
1/16/2009,9
1/17/2009,9.81
1/18/2009,9.83
1/19/2009,9.46
1/20/2009,9.06
1/21/2009,9.19
1/22/2009,9.37
1/23/2009,8.68
1/24/2009,8
1/25/2009,8
1/26/2009,8
1/27/2009,8
1/28/2009,9.4
1/29/2009,10.1
1/30/2009,9
1/31/2009,9.21
2/1/2009,9.21
2/2/2009,8.36
2/3/2009,8.44
2/4/2009,8
2/5/2009,8.18
2/6/2009,8.5
2/7/2009,8.1
2/8/2009,7.94
2/9/2009,8.89
2/10/2009,8.62
2/11/2009,8.13
2/12/2009,7.75
2/13/2009,8
2/14/2009,7.61
2/15/2009,6.87
2/16/2009,6.9
2/17/2009,8.39
2/18/2009,7.8
2/19/2009,7.28
2/20/2009,7.53
2/21/2009,7.28
2/22/2009,7.13
2/23/2009,7.24
2/24/2009,7.47
2/25/2009,7.46
2/26/2009,7.44
2/27/2009,6.85
2/28/2009,6.68
3/1/2009,6.53
3/2/2009,6.7
3/3/2009,7.1
3/4/2009,7.35
3/5/2009,7.42
3/6/2009,6.68
3/7/2009,6.58
3/8/2009,6.4
3/9/2009,6.38
3/10/2009,6.2
3/11/2009,5.71
3/12/2009,5.87
3/13/2009,5.91
3/14/2009,6.19
3/15/2009,6.37
3/16/2009,6.03
3/17/2009,5.76
3/18/2009,5.44
3/19/2009,5.1
3/20/2009,5.05
3/21/2009,5.6
3/22/2009,5.6
3/23/2009,5.8
3/24/2009,5.27
3/25/2009,4.95
3/26/2009,4.95
3/27/2009,4.98
3/28/2009,6.16
3/29/2009,6.66
3/30/2009,8.88
3/31/2009,8.17
4/1/2009,8.14
4/2/2009,7.99
4/3/2009,7.59
4/4/2009,7.52
4/5/2009,6.57
4/6/2009,5.85
4/7/2009,5.96
4/8/2009,6.23
4/9/2009,6.55
4/10/2009,6.11
4/11/2009,5.87
4/12/2009,7.57
4/13/2009,9.39
4/14/2009,9.04
4/15/2009,8.87
4/16/2009,8.71
4/17/2009,8.71
4/18/2009,13.5
4/19/2009,13.4
4/20/2009,13.7
4/21/2009,246
4/22/2009,308
4/23/2009,182
4/24/2009,116
4/25/2009,110
4/26/2009,110
4/27/2009,154
4/28/2009,108
4/29/2009,71.8
4/30/2009,52.6
5/1/2009,42.5
5/2/2009,36
5/3/2009,33.3
5/4/2009,30.6
5/5/2009,29.1
5/6/2009,27.6
5/7/2009,26.3
5/8/2009,189
5/9/2009,1170
5/10/2009,745
5/11/2009,294
5/12/2009,167
5/13/2009,118
5/14/2009,90.3
5/15/2009,74.8
5/16/2009,63.6
5/17/2009,57.2
5/18/2009,52.1
5/19/2009,47.6
5/20/2009,44.2
5/21/2009,41.2
5/22/2009,38.7
5/23/2009,36.5
5/24/2009,34.5
5/25/2009,35.2
5/26/2009,35.5
5/27/2009,36.3
5/28/2009,33.6
5/29/2009,32.3
5/30/2009,30.8
5/31/2009,29
6/1/2009,27.4
6/2/2009,27.7
6/3/2009,29.4
6/4/2009,26.9
6/5/2009,26
6/6/2009,25.2
6/7/2009,24.2
6/8/2009,23.2
6/9/2009,23
6/10/2009,23.3
6/11/2009,24.7
6/12/2009,30.7
6/13/2009,28.3
6/14/2009,31.3
6/15/2009,31.3
6/16/2009,108
6/17/2009,1150
6/18/2009,1320
6/19/2009,691
6/20/2009,625
6/21/2009,609
6/22/2009,462
6/23/2009,315
6/24/2009,216
6/25/2009,167
6/26/2009,157
6/27/2009,167
6/28/2009,233
6/29/2009,215
6/30/2009,157
7/1/2009,128
7/2/2009,108
7/3/2009,93.7
7/4/2009,85.3
7/5/2009,76.2
7/6/2009,70.5
7/7/2009,66.4
7/8/2009,62.5
7/9/2009,48.9
7/10/2009,44.2
7/11/2009,41.2
7/12/2009,38.4
7/13/2009,36.4
7/14/2009,34.3
7/15/2009,33.1
7/16/2009,32.4
7/17/2009,31.1
7/18/2009,29.7
7/19/2009,28.5
7/20/2009,27.3
7/21/2009,25.9
7/22/2009,24.8
7/23/2009,24.5
7/24/2009,23.2
7/25/2009,22
7/26/2009,21.7
7/27/2009,21.6
7/28/2009,21.4
7/29/2009,21.6
7/30/2009,21.1
7/31/2009,19.8
8/1/2009,20.2
8/2/2009,18.9
8/3/2009,17.9
8/4/2009,17
8/5/2009,16.4
8/6/2009,19.2
8/7/2009,17.3
8/8/2009,15.6
8/9/2009,14.6
8/10/2009,14.2
8/11/2009,13.8
8/12/2009,13.2
8/13/2009,12.5
8/14/2009,12.1
8/15/2009,11.9
8/16/2009,11.2
8/17/2009,16.9
8/18/2009,21
8/19/2009,23.2
8/20/2009,26.6
8/21/2009,76.4
8/22/2009,67.1
8/23/2009,60.4
8/24/2009,51.8
8/25/2009,41.3
8/26/2009,33.5
8/27/2009,26.8
8/28/2009,21.9
8/29/2009,18.7
8/30/2009,16.3
8/31/2009,14.5
9/1/2009,12.8
9/2/2009,11.8
9/3/2009,11.1
9/4/2009,10.9
9/5/2009,10.5
9/6/2009,10.1
9/7/2009,9.67
9/8/2009,10.6
9/9/2009,12.1
9/10/2009,10.6
9/11/2009,10.3
9/12/2009,69.1
9/13/2009,258
9/14/2009,164
9/15/2009,108
9/16/2009,107
9/17/2009,79
9/18/2009,54.8
9/19/2009,37.4
9/20/2009,25.9
9/21/2009,19.4
9/22/2009,15.7
9/23/2009,13.6
9/24/2009,11.9
9/25/2009,10.7
9/26/2009,9.6
9/27/2009,8.66
9/28/2009,7.59
9/29/2009,7
9/30/2009,6.52
10/1/2009,6.18
10/2/2009,5.52
10/3/2009,5.18
10/4/2009,5.08
10/5/2009,5.1
10/6/2009,5.25
10/7/2009,4.42
10/8/2009,4.86
10/9/2009,4.68
10/10/2009,4.31
10/11/2009,4.52
10/12/2009,5.19
10/13/2009,5.32
10/14/2009,6
10/15/2009,5.45
10/16/2009,5.13
10/17/2009,5.45
10/18/2009,4.78
10/19/2009,4.62
10/20/2009,4.8
10/21/2009,4.85
10/22/2009,5.21
10/23/2009,5.04
10/24/2009,5.24
10/25/2009,5.21
10/26/2009,5.03
10/27/2009,5.29
10/28/2009,5.73
10/29/2009,8.61
10/30/2009,6.34
10/31/2009,5.77
11/1/2009,5.62
11/2/2009,5.19
11/3/2009,5.06
11/4/2009,5.03
11/5/2009,5.1
11/6/2009,5.3
11/7/2009,5.22
11/8/2009,4.95
11/9/2009,4.7
11/10/2009,4.66
11/11/2009,4.63
11/12/2009,5.25
11/13/2009,5.64
11/14/2009,4.87
11/15/2009,5.71
11/16/2009,5.63
11/17/2009,5.54
11/18/2009,5.69
11/19/2009,5.68
11/20/2009,5.9
11/21/2009,6.24
11/22/2009,4.8
11/23/2009,5.94
11/24/2009,5.63
11/25/2009,4.89
11/26/2009,4.93
11/27/2009,5.35
11/28/2009,5.62
11/29/2009,5.11
11/30/2009,4.89
12/1/2009,5.17
12/2/2009,4.96
12/3/2009,4.61
12/4/2009,4.5
12/5/2009,4.4
12/6/2009,4.3
12/7/2009,4.2
12/8/2009,4.1
12/9/2009,4
12/10/2009,4
12/11/2009,4.2
12/12/2009,4.5
12/13/2009,4.8
12/14/2009,5
12/15/2009,5.2
12/16/2009,6
12/17/2009,6.88
12/18/2009,7.31
12/19/2009,7.37
12/20/2009,7.2
12/21/2009,7.24
12/22/2009,6.87
12/23/2009,6.8
12/24/2009,6.8
12/25/2009,6.5
12/26/2009,6.5
12/27/2009,7
12/28/2009,7
12/29/2009,6.8
12/30/2009,6.8
12/31/2009,6.5
1/1/2010,6.2
1/2/2010,6
1/3/2010,5.5
1/4/2010,5.5
1/5/2010,5.8
1/6/2010,5.8
1/7/2010,5.5
1/8/2010,5
1/9/2010,5
1/10/2010,5.5
1/11/2010,6
1/12/2010,7
1/13/2010,7.5
1/14/2010,9
1/15/2010,8
1/16/2010,8
1/17/2010,8
1/18/2010,7.5
1/19/2010,7.06
1/20/2010,6.76
1/21/2010,6.43
1/22/2010,6.52
1/23/2010,6.85
1/24/2010,5.65
1/25/2010,5.17
1/26/2010,4.95
1/27/2010,5
1/28/2010,5.6
1/29/2010,5
1/30/2010,5.5
1/31/2010,6
2/1/2010,6
2/2/2010,6.5
2/3/2010,6.5
2/4/2010,7
2/5/2010,8.27
2/6/2010,8.24
2/7/2010,8.12
2/8/2010,8.04
2/9/2010,8
2/10/2010,8
2/11/2010,8
2/12/2010,8.63
2/13/2010,8.54
2/14/2010,7.69
2/15/2010,8.5
2/16/2010,8.5
2/17/2010,9
2/18/2010,9.22
2/19/2010,9.39
2/20/2010,7.91
2/21/2010,8.5
2/22/2010,9
2/23/2010,10
2/24/2010,9
2/25/2010,9.22
2/26/2010,8.89
2/27/2010,9.93
2/28/2010,9.29
3/1/2010,8.63
3/2/2010,8.53
3/3/2010,8.2
3/4/2010,8.68
3/5/2010,8.19
3/6/2010,8.67
3/7/2010,9.09
3/8/2010,10.6
3/9/2010,10.8
3/10/2010,10.2
3/11/2010,9.97
3/12/2010,9.77
3/13/2010,10.5
3/14/2010,9.94
3/15/2010,9.23
3/16/2010,9.18
3/17/2010,9.41
3/18/2010,10.1
3/19/2010,9.77
3/20/2010,9.39
3/21/2010,9.52
3/22/2010,10.1
3/23/2010,9.63
3/24/2010,9.39
3/25/2010,9.46
3/26/2010,10
3/27/2010,11.6
3/28/2010,11
3/29/2010,11.2
3/30/2010,11.8
3/31/2010,11.5
4/1/2010,11.2
4/2/2010,11.3
4/3/2010,10.4
4/4/2010,10
4/5/2010,9.5
4/6/2010,9.48
4/7/2010,8.87
4/8/2010,8.59
4/9/2010,8.36
4/10/2010,8.06
4/11/2010,8.64
4/12/2010,8.1
4/13/2010,7.91
4/14/2010,8.2
4/15/2010,8.27
4/16/2010,9.5
4/17/2010,9.03
4/18/2010,9.03
4/19/2010,9.09
4/20/2010,9.36
4/21/2010,9.52
4/22/2010,11.2
4/23/2010,12.1
4/24/2010,10.9
4/25/2010,11.2
4/26/2010,28.4
4/27/2010,81.9
4/28/2010,51.1
4/29/2010,35
4/30/2010,25.6
5/1/2010,19.1
5/2/2010,18.4
5/3/2010,14.7
5/4/2010,12.4
5/5/2010,10.6
5/6/2010,9.62
5/7/2010,8.81
5/8/2010,8
5/9/2010,7.62
5/10/2010,7.88
5/11/2010,7.33
5/12/2010,8.77
5/13/2010,7.86
5/14/2010,7.41
5/15/2010,7.44
5/16/2010,9.11
5/17/2010,7.31
5/18/2010,6.61
5/19/2010,15.6
5/20/2010,14.9
5/21/2010,12.7
5/22/2010,15.6
5/23/2010,47.1
5/24/2010,90.4
5/25/2010,65.4
5/26/2010,50
5/27/2010,31.4
5/28/2010,24.3
5/29/2010,20.2
5/30/2010,17.6
5/31/2010,15.5
6/1/2010,14.4
6/2/2010,12.9
6/3/2010,11.7
6/4/2010,10.6
6/5/2010,9.82
6/6/2010,8.98
6/7/2010,20.8
6/8/2010,550
6/9/2010,328
6/10/2010,86.4
6/11/2010,42.6
6/12/2010,30.3
6/13/2010,214
6/14/2010,1800
6/15/2010,2570
6/16/2010,2600
6/17/2010,1750
6/18/2010,995
6/19/2010,614
6/20/2010,397
6/21/2010,285
6/22/2010,211
6/23/2010,152
6/24/2010,113
6/25/2010,89.1
6/26/2010,71.7
6/27/2010,58
6/28/2010,49
6/29/2010,42.4
6/30/2010,37.1
7/1/2010,32.6
7/2/2010,29.3
7/3/2010,27.1
7/4/2010,26.3
7/5/2010,28.9
7/6/2010,25.2
7/7/2010,48.2
7/8/2010,346
7/9/2010,824
7/10/2010,539
7/11/2010,291
7/12/2010,177
7/13/2010,122
7/14/2010,90.3
7/15/2010,72.6
7/16/2010,60.3
7/17/2010,50.2
7/18/2010,43.2
7/19/2010,40.8
7/20/2010,52.8
7/21/2010,53.7
7/22/2010,42.8
7/23/2010,35
7/24/2010,27.8
7/25/2010,24.6
7/26/2010,21.2
7/27/2010,18.3
7/28/2010,16
7/29/2010,14.3
7/30/2010,12.9
7/31/2010,11.3
8/1/2010,10.4
8/2/2010,9.39
8/3/2010,8.46
8/4/2010,7.85
8/5/2010,7.25
8/6/2010,6.77
8/7/2010,6.22
8/8/2010,5.52
8/9/2010,5.1
8/10/2010,5.14
8/11/2010,5.62
8/12/2010,4.4
8/13/2010,4.17
8/14/2010,4.2
8/15/2010,6.29
8/16/2010,5.88
8/17/2010,5.39
8/18/2010,4.92
8/19/2010,4.35
8/20/2010,3.79
8/21/2010,3.41
8/22/2010,3.09
8/23/2010,3.04
8/24/2010,10.4
8/25/2010,144
8/26/2010,433
8/27/2010,459
8/28/2010,307
8/29/2010,144
8/30/2010,83.2
8/31/2010,54.3
9/1/2010,38.8
9/2/2010,31
9/3/2010,25.4
9/4/2010,21.5
9/5/2010,18.6
9/6/2010,16.2
9/7/2010,14
9/8/2010,12.9
9/9/2010,12
9/10/2010,11
9/11/2010,9.73
9/12/2010,8.34
9/13/2010,7.63
9/14/2010,7.26
9/15/2010,7.03
9/16/2010,6.54
9/17/2010,6.1
9/18/2010,5.57
9/19/2010,5.11
9/20/2010,4.76
9/21/2010,4.41
9/22/2010,4.12
9/23/2010,4.42
9/24/2010,4.22
9/25/2010,3.89
9/26/2010,3.66
9/27/2010,3.57
9/28/2010,3.4
9/29/2010,3.21
9/30/2010,2.88
10/1/2010,2.8
10/2/2010,2.64
10/3/2010,2.57
10/4/2010,2.44
10/5/2010,2.3
10/6/2010,2.15
10/7/2010,1.99
10/8/2010,1.82
10/9/2010,1.89
10/10/2010,1.7
10/11/2010,2.03
10/12/2010,1.75
10/13/2010,1.6
10/14/2010,1.43
10/15/2010,1.25
10/16/2010,1.22
10/17/2010,1.14
10/18/2010,1.17
10/19/2010,1.09
10/20/2010,0.97
10/21/2010,1.28
10/22/2010,1.27
10/23/2010,1.37
10/24/2010,1.14
10/25/2010,1.19
10/26/2010,0.91
10/27/2010,0.79
10/28/2010,0.72
10/29/2010,0.84
10/30/2010,1.24
10/31/2010,1.01
11/1/2010,0.89
11/2/2010,0.79
11/3/2010,0.7
11/4/2010,0.7
11/5/2010,0.69
11/6/2010,0.65
11/7/2010,0.63
11/8/2010,0.65
11/9/2010,0.71
11/10/2010,0.64
11/11/2010,0.93
11/12/2010,4.79
11/13/2010,2.12
11/14/2010,1.4
11/15/2010,1.29
11/16/2010,1.04
11/17/2010,0.85
11/18/2010,0.71
11/19/2010,0.69
11/20/2010,1.14
11/21/2010,1.04
11/22/2010,1.29
11/23/2010,1.44
11/24/2010,1.27
11/25/2010,0.92
11/26/2010,0.79
11/27/2010,0.77
11/28/2010,1.02
11/29/2010,0.84
11/30/2010,0.6
12/1/2010,0.54
12/2/2010,0.53
12/3/2010,0.77
12/4/2010,0.54
12/5/2010,0.46
12/6/2010,0.5
12/7/2010,0.53
12/8/2010,0.52
12/9/2010,0.53
12/10/2010,0.59
12/11/2010,0.57
12/12/2010,0.52
12/13/2010,0.62
12/14/2010,0.68
12/15/2010,1.11
12/16/2010,0.77
12/17/2010,0.63
12/18/2010,0.66
12/19/2010,0.76
12/20/2010,1.12
12/21/2010,0.63
12/22/2010,0.69
12/23/2010,0.79
12/24/2010,0.7
12/25/2010,0.62
12/26/2010,0.58
12/27/2010,0.81
12/28/2010,1.2
12/29/2010,1.31
12/30/2010,1.14
12/31/2010,0.92
1/1/2011,0.7
1/2/2011,0.7
1/3/2011,0.75
1/4/2011,0.82
1/5/2011,1.15
1/6/2011,1.34
1/7/2011,1.35
1/8/2011,1.26
1/9/2011,1.08
1/10/2011,1.06
1/11/2011,0.94
1/12/2011,1.02
1/13/2011,1.34
1/14/2011,1.22
1/15/2011,1.25
1/16/2011,1.31
1/17/2011,1.59
1/18/2011,1.51
1/19/2011,1.41
1/20/2011,1.14
1/21/2011,1.41
1/22/2011,1.74
1/23/2011,1.44
1/24/2011,1.6
1/25/2011,1.74
1/26/2011,1.89
1/27/2011,1.89
1/28/2011,1.9
1/29/2011,1.8
1/30/2011,1.69
1/31/2011,1.53
2/1/2011,1.03
2/2/2011,1.08
2/3/2011,1.16
2/4/2011,1.4
2/5/2011,1.92
2/6/2011,2.29
2/7/2011,2.13
2/8/2011,1.59
2/9/2011,1.37
2/10/2011,1.84
2/11/2011,2.64
2/12/2011,3.07
2/13/2011,2.85
2/14/2011,2.77
2/15/2011,2.62
2/16/2011,2.32
2/17/2011,2.27
2/18/2011,1.74
2/19/2011,1.75
2/20/2011,2.27
2/21/2011,2.05
2/22/2011,1.41
2/23/2011,1.43
2/24/2011,1.44
2/25/2011,1.28
2/26/2011,1.37
2/27/2011,1.45
2/28/2011,1.58
3/1/2011,2.13
3/2/2011,1.6
3/3/2011,1.81
3/4/2011,2
3/5/2011,2.16
3/6/2011,2.06
3/7/2011,2.01
3/8/2011,2.25
3/9/2011,2.06
3/10/2011,1.69
3/11/2011,1.78
3/12/2011,1.88
3/13/2011,1.84
3/14/2011,2.06
3/15/2011,1.92
3/16/2011,1.77
3/17/2011,1.7
3/18/2011,1.77
3/19/2011,2.38
3/20/2011,3.58
3/21/2011,2.35
3/22/2011,2.27
3/23/2011,1.72
3/24/2011,1.48
3/25/2011,1.43
3/26/2011,1.73
3/27/2011,1.75
3/28/2011,1.79
3/29/2011,1.81
3/30/2011,1.68
3/31/2011,2.04
4/1/2011,1.92
4/2/2011,1.62
4/3/2011,1.66
4/4/2011,1.54
4/5/2011,1.39
4/6/2011,1.21
4/7/2011,1.07
4/8/2011,1.14
4/9/2011,1.4
4/10/2011,1.3
4/11/2011,1.15
4/12/2011,1.12
4/13/2011,1.06
4/14/2011,1.01
4/15/2011,1.24
4/16/2011,1.02
4/17/2011,1.17
4/18/2011,1
4/19/2011,0.93
4/20/2011,0.79
4/21/2011,0.73
4/22/2011,0.79
4/23/2011,0.8
4/24/2011,0.7
4/25/2011,0.8
4/26/2011,0.72
4/27/2011,0.76
4/28/2011,0.6
4/29/2011,0.56
4/30/2011,0.51
5/1/2011,0.42
5/2/2011,0.37
5/3/2011,0.31
5/4/2011,0.27
5/5/2011,0.22
5/6/2011,0.21
5/7/2011,0.18
5/8/2011,0.16
5/9/2011,0.13
5/10/2011,0.11
5/11/2011,0.13
5/12/2011,0.09
5/13/2011,0.08
5/14/2011,0.08
5/15/2011,0.09
5/16/2011,0.07
5/17/2011,0.08
5/18/2011,0.1
5/19/2011,0.14
5/20/2011,0.2
5/21/2011,0.09
5/22/2011,21
5/23/2011,98.1
5/24/2011,60.1
5/25/2011,42.2
5/26/2011,24.8
5/27/2011,17.6
5/28/2011,15.8
5/29/2011,13.7
5/30/2011,9.42
5/31/2011,7.19
6/1/2011,4.59
6/2/2011,3.19
6/3/2011,2.18
6/4/2011,1.49
6/5/2011,1.01
6/6/2011,0.67
6/7/2011,0.43
6/8/2011,0.25
6/9/2011,0.14
6/10/2011,0.09
6/11/2011,0.09
6/12/2011,0.55
6/13/2011,0.18
6/14/2011,0.05
6/15/2011,0.02
6/16/2011,0.02
6/17/2011,0.02
6/18/2011,0
6/19/2011,0
6/20/2011,0
6/21/2011,0
6/22/2011,0
6/23/2011,0
6/24/2011,0
6/25/2011,0
6/26/2011,0
6/27/2011,0
6/28/2011,0
6/29/2011,0
6/30/2011,0
7/1/2011,0
7/2/2011,0
7/3/2011,0
7/4/2011,0
7/5/2011,0
7/6/2011,0
7/7/2011,0
7/8/2011,0
7/9/2011,0
7/10/2011,0
7/11/2011,0
7/12/2011,0
7/13/2011,0
7/14/2011,0
7/15/2011,0
7/16/2011,0
7/17/2011,0
7/18/2011,0
7/19/2011,0
7/20/2011,0
7/21/2011,0
7/22/2011,0
7/23/2011,0
7/24/2011,0
7/25/2011,0
7/26/2011,0
7/27/2011,0
7/28/2011,0
7/29/2011,0
7/30/2011,0
7/31/2011,0
8/1/2011,0
8/2/2011,0
8/3/2011,0
8/4/2011,0
8/5/2011,0
8/6/2011,0
8/7/2011,0
8/8/2011,0
8/9/2011,0
8/10/2011,0
8/11/2011,0
8/12/2011,0
8/13/2011,0
8/14/2011,0
8/15/2011,0
8/16/2011,0
8/17/2011,0
8/18/2011,0
8/19/2011,0
8/20/2011,0
8/21/2011,0
8/22/2011,0
8/23/2011,0
8/24/2011,0
8/25/2011,0
8/26/2011,0
8/27/2011,0
8/28/2011,0
8/29/2011,0
8/30/2011,0
8/31/2011,0
9/1/2011,0
9/2/2011,0
9/3/2011,0
9/4/2011,0
9/5/2011,0
9/6/2011,0
9/7/2011,0
9/8/2011,0
9/9/2011,0
9/10/2011,0
9/11/2011,0
9/12/2011,0
9/13/2011,0
9/14/2011,0
9/15/2011,0
9/16/2011,0
9/17/2011,0
9/18/2011,0
9/19/2011,0
9/20/2011,0
9/21/2011,0
9/22/2011,0
9/23/2011,0
9/24/2011,0
9/25/2011,0
9/26/2011,0
9/27/2011,0
9/28/2011,0
9/29/2011,0
9/30/2011,0
10/1/2011,0
10/2/2011,0
10/3/2011,0
10/4/2011,0
10/5/2011,0
10/6/2011,0
10/7/2011,0
10/8/2011,0
10/9/2011,0
10/10/2011,0
10/11/2011,0
10/12/2011,0
10/13/2011,0
10/14/2011,0
10/15/2011,0
10/16/2011,0
10/17/2011,0
10/18/2011,0
10/19/2011,0
10/20/2011,0
10/21/2011,0
10/22/2011,0
10/23/2011,0
10/24/2011,0
10/25/2011,0
10/26/2011,0
10/27/2011,0
10/28/2011,0
10/29/2011,0
10/30/2011,0
10/31/2011,0
11/1/2011,0
11/2/2011,0
11/3/2011,0
11/4/2011,0
11/5/2011,0
11/6/2011,0
11/7/2011,0
11/8/2011,0
11/9/2011,0
11/10/2011,0
11/11/2011,0
11/12/2011,0
11/13/2011,0
11/14/2011,0
11/15/2011,0
11/16/2011,0
11/17/2011,0
11/18/2011,0
11/19/2011,0
11/20/2011,0
11/21/2011,0
11/22/2011,0
11/23/2011,0
11/24/2011,0
11/25/2011,0
11/26/2011,0
11/27/2011,0
11/28/2011,0
11/29/2011,0
11/30/2011,0
12/1/2011,0
12/2/2011,0
12/3/2011,0
12/4/2011,0
12/5/2011,0
12/6/2011,0
12/7/2011,0
12/8/2011,0
12/9/2011,0
12/10/2011,0
12/11/2011,0
12/12/2011,0
12/13/2011,0
12/14/2011,0
12/15/2011,0
12/16/2011,0
12/17/2011,0
12/18/2011,0
12/19/2011,0
12/20/2011,0
12/21/2011,0
12/22/2011,0
12/23/2011,0
12/24/2011,0
12/25/2011,0
12/26/2011,0
12/27/2011,0
12/28/2011,0
12/29/2011,0
12/30/2011,0
12/31/2011,0
1/1/2012,0
1/2/2012,0
1/3/2012,0
1/4/2012,0
1/5/2012,0
1/6/2012,0
1/7/2012,0
1/8/2012,0
1/9/2012,0
1/10/2012,0
1/11/2012,0
1/12/2012,0
1/13/2012,0
1/14/2012,0
1/15/2012,0
1/16/2012,0
1/17/2012,0
1/18/2012,0
1/19/2012,0
1/20/2012,0
1/21/2012,0
1/22/2012,0
1/23/2012,0
1/24/2012,0
1/25/2012,0
1/26/2012,0
1/27/2012,0
1/28/2012,0
1/29/2012,0
1/30/2012,0
1/31/2012,0
2/1/2012,0
2/2/2012,0
2/3/2012,0
2/4/2012,0
2/5/2012,0
2/6/2012,0
2/7/2012,0
2/8/2012,0
2/9/2012,0
2/10/2012,0
2/11/2012,0
2/12/2012,0
2/13/2012,0
2/14/2012,0
2/15/2012,0
2/16/2012,0
2/17/2012,0
2/18/2012,0
2/19/2012,0
2/20/2012,0
2/21/2012,0
2/22/2012,0
2/23/2012,0
2/24/2012,0
2/25/2012,0
2/26/2012,0
2/27/2012,0
2/28/2012,0
2/29/2012,0
3/1/2012,0
3/2/2012,0
3/3/2012,0
3/4/2012,0
3/5/2012,0
3/6/2012,0
3/7/2012,0
3/8/2012,0
3/9/2012,0
3/10/2012,0
3/11/2012,0
3/12/2012,0
3/13/2012,0
3/14/2012,0
3/15/2012,0
3/16/2012,0
3/17/2012,0
3/18/2012,0
3/19/2012,0
3/20/2012,0
3/21/2012,0
3/22/2012,0
3/23/2012,0
3/24/2012,0
3/25/2012,0
3/26/2012,0
3/27/2012,0
3/28/2012,0
3/29/2012,0
3/30/2012,0
3/31/2012,0
4/1/2012,0
4/2/2012,0
4/3/2012,0
4/4/2012,0
4/5/2012,0
4/6/2012,0
4/7/2012,0
4/8/2012,0
4/9/2012,0
4/10/2012,0
4/11/2012,0
4/12/2012,0
4/13/2012,0
4/14/2012,0
4/15/2012,0
4/16/2012,0
4/17/2012,0
4/18/2012,0
4/19/2012,0
4/20/2012,0
4/21/2012,0
4/22/2012,0
4/23/2012,0
4/24/2012,0
4/25/2012,0
4/26/2012,0
4/27/2012,0
4/28/2012,0
4/29/2012,0
4/30/2012,0
5/1/2012,0
5/2/2012,0
5/3/2012,0
5/4/2012,0
5/5/2012,0
5/6/2012,0
5/7/2012,0
5/8/2012,0
5/9/2012,0
5/10/2012,0
5/11/2012,0
5/12/2012,0
5/13/2012,0
5/14/2012,0
5/15/2012,0
5/16/2012,0
5/17/2012,0
5/18/2012,0
5/19/2012,0
5/20/2012,0
5/21/2012,0
5/22/2012,0
5/23/2012,0
5/24/2012,0
5/25/2012,0
5/26/2012,0
5/27/2012,0
5/28/2012,0
5/29/2012,0
5/30/2012,0
5/31/2012,0
6/1/2012,0
6/2/2012,0
6/3/2012,0
6/4/2012,0
6/5/2012,0
6/6/2012,0
6/7/2012,0
6/8/2012,0
6/9/2012,0
6/10/2012,0
6/11/2012,0
6/12/2012,0
6/13/2012,0
6/14/2012,0
6/15/2012,0
6/16/2012,0
6/17/2012,0
6/18/2012,0
6/19/2012,0
6/20/2012,0
6/21/2012,0
6/22/2012,0
6/23/2012,0
6/24/2012,0
6/25/2012,0
6/26/2012,0
6/27/2012,0
6/28/2012,0
6/29/2012,0
6/30/2012,0
7/1/2012,0
7/2/2012,0
7/3/2012,0
7/4/2012,0
7/5/2012,0
7/6/2012,0
7/7/2012,0
7/8/2012,0
7/9/2012,0
7/10/2012,0
7/11/2012,0
7/12/2012,0
7/13/2012,0
7/14/2012,0
7/15/2012,0
7/16/2012,0
7/17/2012,0
7/18/2012,0
7/19/2012,0
7/20/2012,0
7/21/2012,0
7/22/2012,0
7/23/2012,0
7/24/2012,0
7/25/2012,0
7/26/2012,0
7/27/2012,0
7/28/2012,0
7/29/2012,0
7/30/2012,0
7/31/2012,0
8/1/2012,0
8/2/2012,0
8/3/2012,0
8/4/2012,0
8/5/2012,0
8/6/2012,0
8/7/2012,0
8/8/2012,0
8/9/2012,0
8/10/2012,0
8/11/2012,0
8/12/2012,0
8/13/2012,0
8/14/2012,0
8/15/2012,0
8/16/2012,0
8/17/2012,0
8/18/2012,0
8/19/2012,0
8/20/2012,0
8/21/2012,0
8/22/2012,0
8/23/2012,0
8/24/2012,0
8/25/2012,0
8/26/2012,0
8/27/2012,0
8/28/2012,0
8/29/2012,0
8/30/2012,0
8/31/2012,0
9/1/2012,0
9/2/2012,0
9/3/2012,0
9/4/2012,0
9/5/2012,0
9/6/2012,0
9/7/2012,0
9/8/2012,0
9/9/2012,0
9/10/2012,0
9/11/2012,0
9/12/2012,0
9/13/2012,0
9/14/2012,0
9/15/2012,0
9/16/2012,0
9/17/2012,0
9/18/2012,0
9/19/2012,0
9/20/2012,0
9/21/2012,0
9/22/2012,0
9/23/2012,0
9/24/2012,0
9/25/2012,0
9/26/2012,0
9/27/2012,0
9/28/2012,0
9/29/2012,0
10/1/2012,0
10/2/2012,0
10/3/2012,0
10/4/2012,0
10/5/2012,0
10/6/2012,0
10/7/2012,0
10/8/2012,0
10/9/2012,0
10/10/2012,0
10/11/2012,0
10/12/2012,0
10/13/2012,0
10/14/2012,0
10/15/2012,0
10/16/2012,0
10/17/2012,0
10/18/2012,0
10/19/2012,0
10/20/2012,0
10/21/2012,0
10/22/2012,0
10/23/2012,0
10/24/2012,0
10/25/2012,0
10/26/2012,0
10/27/2012,0
10/28/2012,0
10/29/2012,0
10/30/2012,0
10/31/2012,0
11/1/2012,0
11/2/2012,0
11/3/2012,0
11/4/2012,0
11/5/2012,0
11/6/2012,0
11/7/2012,0
11/8/2012,0
11/9/2012,0
11/10/2012,0
11/11/2012,0
11/12/2012,0
11/13/2012,0
11/14/2012,0
11/15/2012,0
11/16/2012,0
11/17/2012,0
11/18/2012,0
11/19/2012,0
11/20/2012,0
11/21/2012,0
11/22/2012,0
11/23/2012,0
11/24/2012,0
11/25/2012,0
11/26/2012,0
11/27/2012,0
11/28/2012,0
11/29/2012,0
11/30/2012,0
12/1/2012,0
12/2/2012,0
12/3/2012,0
12/4/2012,0
12/5/2012,0
12/6/2012,0
12/7/2012,0
12/8/2012,0
12/9/2012,0
12/10/2012,0
12/11/2012,0
12/12/2012,0
12/13/2012,0
12/14/2012,0
12/15/2012,0
12/16/2012,0
12/17/2012,0
12/18/2012,0
12/19/2012,0
12/20/2012,0
12/21/2012,0
12/22/2012,0
12/23/2012,0
12/24/2012,0
12/25/2012,0
12/26/2012,0
12/27/2012,0
12/28/2012,0
12/29/2012,0
12/30/2012,0
12/31/2012,0
1/1/2013,0
1/2/2013,0
1/3/2013,0
1/4/2013,0
1/5/2013,0
1/6/2013,0
1/7/2013,0
1/8/2013,0
1/9/2013,0
1/10/2013,0
1/11/2013,0
1/12/2013,0
1/13/2013,0
1/14/2013,0
1/15/2013,0
1/16/2013,0
1/17/2013,0
1/18/2013,0
1/19/2013,0
1/20/2013,0
1/21/2013,0
1/22/2013,0
1/23/2013,0
1/24/2013,0
1/25/2013,0
1/26/2013,0
1/27/2013,0
1/28/2013,0
1/29/2013,0
1/30/2013,0
1/31/2013,0
2/1/2013,0
2/2/2013,0
2/3/2013,0
2/4/2013,0
2/5/2013,0
2/6/2013,0
2/7/2013,0
2/8/2013,0
2/9/2013,0
2/10/2013,0
2/11/2013,0
2/12/2013,0
2/13/2013,0
2/14/2013,0
2/15/2013,0
2/16/2013,0
2/17/2013,0
2/18/2013,0
2/19/2013,0
2/20/2013,0
2/21/2013,0
2/22/2013,0
2/23/2013,0
2/24/2013,0
2/25/2013,0
2/26/2013,0
2/27/2013,0
2/28/2013,0
3/1/2013,0
3/2/2013,0
3/3/2013,0
3/4/2013,0
3/5/2013,0
3/6/2013,0
3/7/2013,0
3/8/2013,0
3/9/2013,0
3/10/2013,0
3/11/2013,0
3/12/2013,0
3/13/2013,0
3/14/2013,0
3/15/2013,0
3/16/2013,0
3/17/2013,0
3/18/2013,0
3/19/2013,0
3/20/2013,0
3/21/2013,0
3/22/2013,0
3/23/2013,0
3/24/2013,0
3/25/2013,0
3/26/2013,0
3/27/2013,0
3/28/2013,0
3/29/2013,0
3/30/2013,0
3/31/2013,0
4/1/2013,0
4/2/2013,0
4/3/2013,0
4/4/2013,0
4/5/2013,0
4/6/2013,0
4/7/2013,0
4/8/2013,0
4/9/2013,0
4/10/2013,0
4/11/2013,0
4/12/2013,0
4/13/2013,0
4/14/2013,0
4/15/2013,0
4/16/2013,0
4/17/2013,0
4/18/2013,0
4/19/2013,0
4/20/2013,0
4/21/2013,0
4/22/2013,0
4/23/2013,0
4/24/2013,0
4/25/2013,0
4/26/2013,0
4/27/2013,0
4/28/2013,0
4/29/2013,0
4/30/2013,0
5/1/2013,0
5/2/2013,0
5/3/2013,0
5/4/2013,0
5/5/2013,0
5/6/2013,0
5/7/2013,0
5/8/2013,0
5/9/2013,0
5/10/2013,0
5/11/2013,0
5/12/2013,0
5/13/2013,0
5/14/2013,0
5/15/2013,0
5/16/2013,0
5/17/2013,0
5/18/2013,0
5/19/2013,0
5/20/2013,0
5/21/2013,0
5/22/2013,0
5/23/2013,0
5/24/2013,0
5/25/2013,0
5/26/2013,0
5/27/2013,0
5/28/2013,0
5/29/2013,0
5/30/2013,0
5/31/2013,0
6/1/2013,0
6/2/2013,0
6/3/2013,0
6/4/2013,0
6/5/2013,0
6/6/2013,0
6/7/2013,0
6/8/2013,0
6/9/2013,0
6/10/2013,0
6/11/2013,0
6/12/2013,0
6/13/2013,0
6/14/2013,0
6/15/2013,0
6/16/2013,0
6/17/2013,0
6/18/2013,0
6/19/2013,0
6/20/2013,0
6/21/2013,0
6/22/2013,0
6/23/2013,0
6/24/2013,0
6/25/2013,0
6/26/2013,0
6/27/2013,0
6/28/2013,0
6/29/2013,0
6/30/2013,0
7/1/2013,0
7/2/2013,0
7/3/2013,0
7/4/2013,0
7/5/2013,0
7/6/2013,0
7/7/2013,0
7/8/2013,0
7/9/2013,0
7/10/2013,0
7/11/2013,0
7/12/2013,0
7/13/2013,0
7/14/2013,0
7/15/2013,0
7/16/2013,0
7/17/2013,0
7/18/2013,0
7/19/2013,0
7/20/2013,0
7/21/2013,0
7/22/2013,0
7/23/2013,0
7/24/2013,0
7/25/2013,0
7/26/2013,0
7/27/2013,0
7/28/2013,0
7/29/2013,0
7/30/2013,0
7/31/2013,0
8/1/2013,0
8/2/2013,0
8/3/2013,0
8/4/2013,0
8/5/2013,0
8/6/2013,0
8/7/2013,0
8/8/2013,0
8/9/2013,0
8/10/2013,0
8/11/2013,0
8/12/2013,0
8/13/2013,0
8/14/2013,0
8/15/2013,2.83
8/16/2013,49.4
8/17/2013,70.8
8/18/2013,59.3
8/19/2013,38.1
8/20/2013,14.6
8/21/2013,2.34
8/22/2013,0.06
8/23/2013,0
8/24/2013,0
8/25/2013,0
8/26/2013,0
8/27/2013,0
8/28/2013,0
8/29/2013,0
8/30/2013,0
8/31/2013,0
9/1/2013,0
9/2/2013,0
9/3/2013,0
9/4/2013,0
9/5/2013,0
9/6/2013,0
9/7/2013,0
9/8/2013,0
9/9/2013,0
9/10/2013,0
9/11/2013,0
9/12/2013,0
9/13/2013,0
9/14/2013,0
9/15/2013,0
9/16/2013,0
9/17/2013,0
9/18/2013,0
9/19/2013,0
9/20/2013,0
9/21/2013,0
9/22/2013,0
9/23/2013,0
9/24/2013,0
9/25/2013,0
9/26/2013,0
9/27/2013,0
9/28/2013,0
9/29/2013,0
9/30/2013,0
10/1/2013,0
10/2/2013,0
10/3/2013,0
10/4/2013,0
10/5/2013,0
10/6/2013,0
10/7/2013,0
10/8/2013,0
10/9/2013,0
10/10/2013,0
10/11/2013,0
10/12/2013,0
10/13/2013,0
10/14/2013,0
10/15/2013,0
10/16/2013,0
10/17/2013,0
10/18/2013,0
10/19/2013,0
10/20/2013,0
10/21/2013,0
10/22/2013,0
10/23/2013,0
10/24/2013,0
10/25/2013,0
10/26/2013,0
10/27/2013,0
10/28/2013,0
10/29/2013,0
10/30/2013,0
10/31/2013,0
11/1/2013,0
11/2/2013,0
11/3/2013,0
11/4/2013,0
11/5/2013,0
11/6/2013,0
11/7/2013,0
11/8/2013,0
11/9/2013,0
11/10/2013,0
11/11/2013,0
11/12/2013,0
11/13/2013,0
11/14/2013,0
11/15/2013,0
11/16/2013,0
11/17/2013,0
11/18/2013,0
11/19/2013,0
11/20/2013,0
11/21/2013,0
11/22/2013,0
11/23/2013,0
11/24/2013,0
11/25/2013,0
11/26/2013,0
11/27/2013,0
11/28/2013,0
11/29/2013,0
11/30/2013,0
12/1/2013,0
12/2/2013,0
12/3/2013,0
12/4/2013,0
12/5/2013,0
12/6/2013,0
12/7/2013,0
12/8/2013,0
12/9/2013,0
12/10/2013,0
12/11/2013,0
12/12/2013,0
12/13/2013,0
12/14/2013,0
12/15/2013,0
12/16/2013,0
12/17/2013,0
12/18/2013,0
12/19/2013,0
12/20/2013,0
12/21/2013,0
12/22/2013,0
12/23/2013,0
12/24/2013,0
12/25/2013,0
12/26/2013,0
12/27/2013,0
12/28/2013,0
12/29/2013,0
12/30/2013,0
12/31/2013,0
1/1/2014,0
1/2/2014,0
1/3/2014,0
1/4/2014,0
1/5/2014,0
1/6/2014,0
1/7/2014,0
1/8/2014,0
1/9/2014,0
1/10/2014,0
1/11/2014,0
1/12/2014,0
1/13/2014,0
1/14/2014,0
1/15/2014,0
1/16/2014,0
1/17/2014,0
1/18/2014,0
1/19/2014,0
1/20/2014,0
1/21/2014,0
1/22/2014,0
1/23/2014,0
1/24/2014,0
1/25/2014,0
1/26/2014,0
1/27/2014,0
1/28/2014,0
1/29/2014,0
1/30/2014,0
1/31/2014,0
2/1/2014,0
2/2/2014,0
2/3/2014,0
2/4/2014,0
2/5/2014,0
2/6/2014,0
2/7/2014,0
2/8/2014,0
2/9/2014,0
2/10/2014,0
2/11/2014,0
2/12/2014,0
2/13/2014,0
2/14/2014,0
2/15/2014,0
2/16/2014,0
2/17/2014,0
2/18/2014,0
2/19/2014,0
2/20/2014,0
2/21/2014,0
2/22/2014,0
2/23/2014,0
2/24/2014,0
2/25/2014,0
2/26/2014,0
2/27/2014,0
2/28/2014,0
3/1/2014,0
3/2/2014,0
3/3/2014,0
3/4/2014,0
3/5/2014,0
3/6/2014,0
3/7/2014,0
3/8/2014,0
3/9/2014,0
3/10/2014,0
3/11/2014,0
3/12/2014,0
3/13/2014,0
3/14/2014,0
3/15/2014,0
3/16/2014,0
3/17/2014,0
3/18/2014,0
3/19/2014,0
3/20/2014,0
3/21/2014,0
3/22/2014,0
3/23/2014,0
3/24/2014,0
3/25/2014,0
3/26/2014,0
3/27/2014,0
3/28/2014,0
3/29/2014,0
3/30/2014,0
3/31/2014,0
4/1/2014,0
4/2/2014,0
4/3/2014,0
4/4/2014,0
4/5/2014,0
4/6/2014,0
4/7/2014,0
4/8/2014,0
4/9/2014,0
4/10/2014,0
4/11/2014,0
4/12/2014,0
4/13/2014,0
4/14/2014,0
4/15/2014,0
4/16/2014,0
4/17/2014,0
4/18/2014,0
4/19/2014,0
4/20/2014,0
4/21/2014,0
4/22/2014,0
4/23/2014,0
4/24/2014,0
4/25/2014,0
4/26/2014,0
4/27/2014,0
4/28/2014,0
4/29/2014,0
4/30/2014,0
5/1/2014,0
5/2/2014,0
5/3/2014,0
5/4/2014,0
5/5/2014,0
5/6/2014,0
5/7/2014,0
5/8/2014,0
5/9/2014,0
5/10/2014,0
5/11/2014,0
5/12/2014,0
5/13/2014,0
5/14/2014,0
5/15/2014,0
5/16/2014,0
5/17/2014,0
5/18/2014,0
5/19/2014,0
5/20/2014,0
5/21/2014,0
5/22/2014,0
5/23/2014,0
5/24/2014,0
5/25/2014,0
5/26/2014,0
5/27/2014,0
5/28/2014,0
5/29/2014,0
5/30/2014,0
5/31/2014,0
6/1/2014,0
6/2/2014,0
6/3/2014,0
6/4/2014,0
6/5/2014,0
6/6/2014,0
6/7/2014,0
6/8/2014,0
6/9/2014,0
6/10/2014,0
6/11/2014,0
6/12/2014,0
6/13/2014,0
6/14/2014,0
6/15/2014,0
6/16/2014,0
6/17/2014,0
6/18/2014,0
6/19/2014,0
6/20/2014,0
6/21/2014,0
6/22/2014,0
6/23/2014,0
6/24/2014,0
6/25/2014,0
6/26/2014,0
6/27/2014,0
6/28/2014,0
6/29/2014,0
6/30/2014,0
7/1/2014,0
7/2/2014,0
7/3/2014,14.9
7/4/2014,51
7/5/2014,22.7
7/6/2014,17.9
7/7/2014,13.3
7/8/2014,2.36
7/9/2014,0.01
7/10/2014,0.02
7/11/2014,0
7/12/2014,0
7/13/2014,0
7/14/2014,0
7/15/2014,0
7/16/2014,0
7/17/2014,0
7/18/2014,0
7/19/2014,0
7/20/2014,0
7/21/2014,0
7/22/2014,0
7/23/2014,0
7/24/2014,0
7/25/2014,0
7/26/2014,0
7/27/2014,0
7/28/2014,0
7/29/2014,0
7/30/2014,0
7/31/2014,0
8/1/2014,0
8/2/2014,0
8/3/2014,0
8/4/2014,0
8/5/2014,0
8/6/2014,0
8/7/2014,0
8/8/2014,0
8/9/2014,0
8/10/2014,0
8/11/2014,0
8/12/2014,0
8/13/2014,0
8/14/2014,0
8/15/2014,0
8/16/2014,0
8/17/2014,0
8/18/2014,0
8/19/2014,0
8/20/2014,0
8/21/2014,0
8/22/2014,0
8/23/2014,0
8/24/2014,0
8/25/2014,0
8/26/2014,0
8/27/2014,0
8/28/2014,0
8/29/2014,0
8/30/2014,0
8/31/2014,0
9/1/2014,0
9/2/2014,0
9/3/2014,0
9/4/2014,0
9/5/2014,0
9/6/2014,0
9/7/2014,0
9/8/2014,0
9/9/2014,0
9/10/2014,0
9/11/2014,0
9/12/2014,0
9/13/2014,0
9/14/2014,0
9/15/2014,0
9/16/2014,0
9/17/2014,0
9/18/2014,0
9/19/2014,0
9/20/2014,0
9/21/2014,0
9/22/2014,0
9/23/2014,0
9/24/2014,0
9/25/2014,0
9/26/2014,0
9/27/2014,0
9/28/2014,0
9/29/2014,0
9/30/2014,0
10/1/2014,0
10/2/2014,0
10/3/2014,0
10/4/2014,0
10/5/2014,0
10/6/2014,0
10/7/2014,0
10/8/2014,0
10/9/2014,0
10/10/2014,0
10/11/2014,0
10/12/2014,0
10/13/2014,0
10/14/2014,0
10/15/2014,0
10/16/2014,0
10/17/2014,0
10/18/2014,0
10/19/2014,0
10/20/2014,0
10/21/2014,0
10/22/2014,0
10/23/2014,0
10/24/2014,0
10/25/2014,0
10/26/2014,0
10/27/2014,0
10/28/2014,0
10/29/2014,0
10/30/2014,0
10/31/2014,0
11/1/2014,0
11/2/2014,0
11/3/2014,0
11/4/2014,0
11/5/2014,0
11/6/2014,0
11/7/2014,0
11/8/2014,0
11/9/2014,0
11/10/2014,0
11/11/2014,0
11/12/2014,0
11/13/2014,0
11/14/2014,0
11/15/2014,0
11/16/2014,0
11/17/2014,0
11/18/2014,0
11/19/2014,0
11/20/2014,0
11/21/2014,0
11/22/2014,0
11/23/2014,0
11/24/2014,0
11/25/2014,0
11/26/2014,0
11/27/2014,0
11/28/2014,0
11/29/2014,0
11/30/2014,0
12/1/2014,0
12/2/2014,0
12/3/2014,0
12/4/2014,0
12/5/2014,0
12/6/2014,0
12/7/2014,0
12/8/2014,0
12/9/2014,0
12/10/2014,0
12/11/2014,0
12/12/2014,0
12/13/2014,0
12/14/2014,0
12/15/2014,0
12/16/2014,0
12/17/2014,0
12/18/2014,0
12/19/2014,0
12/20/2014,0
12/21/2014,0
12/22/2014,0
12/23/2014,0
12/24/2014,0
12/25/2014,0
12/26/2014,0
12/27/2014,0
12/28/2014,0
12/29/2014,0
12/30/2014,0
12/31/2014,0
1/1/2015,0
1/2/2015,0
1/3/2015,0
1/4/2015,0
1/5/2015,0
1/6/2015,0
1/7/2015,0
1/8/2015,0
1/9/2015,0
1/10/2015,0
1/11/2015,0
1/12/2015,0
1/13/2015,0
1/14/2015,0
1/15/2015,0
1/16/2015,0
1/17/2015,0
1/18/2015,0
1/19/2015,0
1/20/2015,0
1/21/2015,0
1/22/2015,0
1/23/2015,0
1/24/2015,0
1/25/2015,0
1/26/2015,0
1/27/2015,0
1/28/2015,0
1/29/2015,0
1/30/2015,0
1/31/2015,0
2/1/2015,0
2/2/2015,0
2/3/2015,0
2/4/2015,0
2/5/2015,0
2/6/2015,0
2/7/2015,0
2/8/2015,0
2/9/2015,0
2/10/2015,0
2/11/2015,0
2/12/2015,0
2/13/2015,0
2/14/2015,0
2/15/2015,0
2/16/2015,0
2/17/2015,0
2/18/2015,0
2/19/2015,0
2/20/2015,0
2/21/2015,0
2/22/2015,0
2/23/2015,0
2/24/2015,0
2/25/2015,0
2/26/2015,0
2/27/2015,0
2/28/2015,0
3/1/2015,0
3/2/2015,0
3/3/2015,0
3/4/2015,0
3/5/2015,0
3/6/2015,0
3/7/2015,0
3/8/2015,0
3/9/2015,0
3/10/2015,0
3/11/2015,0
3/12/2015,0
3/13/2015,0
3/14/2015,0
3/15/2015,0
3/16/2015,0
3/17/2015,0
3/18/2015,0
3/19/2015,0
3/20/2015,0
3/21/2015,0
3/22/2015,0
3/23/2015,0
3/24/2015,0
3/25/2015,0
3/26/2015,0
3/27/2015,0
3/28/2015,0
3/29/2015,0
3/30/2015,0
3/31/2015,0
4/1/2015,0
4/2/2015,0
4/3/2015,0
4/4/2015,0
4/5/2015,0
4/6/2015,0
4/7/2015,0
4/8/2015,0
4/9/2015,0
4/10/2015,0
4/11/2015,0
4/12/2015,0
4/13/2015,0
4/14/2015,0
4/15/2015,0
4/16/2015,0
4/17/2015,0
4/18/2015,0
4/19/2015,0
4/20/2015,0
4/21/2015,0
4/22/2015,0
4/23/2015,0
4/24/2015,0
4/25/2015,0
4/26/2015,0
4/27/2015,0
4/28/2015,0
4/29/2015,0
4/30/2015,0
5/1/2015,0
5/2/2015,0
5/3/2015,0
5/4/2015,0
5/5/2015,0
5/6/2015,0
5/7/2015,0
5/8/2015,63.1
5/9/2015,126
5/10/2015,33.1
5/11/2015,1.64
5/12/2015,0
5/13/2015,0
5/14/2015,0
5/15/2015,0
5/16/2015,0
5/17/2015,0
5/18/2015,0
5/19/2015,0
5/20/2015,0
5/21/2015,0
5/22/2015,0
5/23/2015,0
5/24/2015,0
5/25/2015,2.24
5/26/2015,290
5/27/2015,735
5/28/2015,844
5/29/2015,1060
5/30/2015,1330
5/31/2015,983
6/1/2015,1170
6/2/2015,1750
6/3/2015,1260
6/4/2015,492
6/5/2015,325
6/6/2015,221
6/7/2015,148
6/8/2015,110
6/9/2015,87.4
6/10/2015,71.1
6/11/2015,57.4
6/12/2015,52.5
6/13/2015,43.8
6/14/2015,38.6
6/15/2015,67.3
6/16/2015,459
6/17/2015,400
6/18/2015,164
6/19/2015,115
6/20/2015,114
6/21/2015,80.7
6/22/2015,62
6/23/2015,49.5
6/24/2015,38.6
6/25/2015,31.1
6/26/2015,26.8
6/27/2015,32.1
6/28/2015,25.6
6/29/2015,20.5
6/30/2015,16.5
7/1/2015,13.3
7/2/2015,11.9
7/3/2015,10.4
7/4/2015,8.73
7/5/2015,7.13
7/6/2015,5.26
7/7/2015,3.48
7/8/2015,1.72
7/9/2015,1.01
7/10/2015,0.66
7/11/2015,0.3
7/12/2015,0.09
7/13/2015,0.01
7/14/2015,0.06
7/15/2015,0
7/16/2015,0
7/17/2015,0
7/18/2015,0
7/19/2015,0
7/20/2015,0
7/21/2015,0
7/22/2015,0
7/23/2015,0
7/24/2015,0
7/25/2015,0
7/26/2015,0
7/27/2015,417
7/28/2015,279
7/29/2015,185
7/30/2015,195
7/31/2015,75.2
8/1/2015,42.1
8/2/2015,37.3
8/3/2015,30.5
8/4/2015,23.8
8/5/2015,16.8
8/6/2015,13.6
8/7/2015,10.7
8/8/2015,7.7
8/9/2015,5.5
8/10/2015,8.18
8/11/2015,3.84
8/12/2015,1.9
8/13/2015,0.73
8/14/2015,0.18
8/15/2015,0.02
8/16/2015,0
8/17/2015,0
8/18/2015,0
8/19/2015,0
8/20/2015,0
8/21/2015,0
8/22/2015,0
8/23/2015,0
8/24/2015,0
8/25/2015,0
8/26/2015,0
8/27/2015,0
8/28/2015,0
8/29/2015,0
8/30/2015,0
8/31/2015,0
9/1/2015,0
9/2/2015,0
9/3/2015,0
9/4/2015,0
9/5/2015,0
9/6/2015,0
9/7/2015,0
9/8/2015,0
9/9/2015,0
9/10/2015,0
9/11/2015,0
9/12/2015,0
9/13/2015,0
9/14/2015,0
9/15/2015,0
9/16/2015,0
9/17/2015,0
9/18/2015,0
9/19/2015,0
9/20/2015,0
9/21/2015,0
9/22/2015,0
9/23/2015,0
9/24/2015,0
9/25/2015,0
9/26/2015,0
9/27/2015,0
9/28/2015,0
9/29/2015,0
9/30/2015,0
10/1/2015,0
10/2/2015,0
10/3/2015,0
10/4/2015,0
10/5/2015,0
10/6/2015,0
10/7/2015,0
10/8/2015,0
10/9/2015,0
10/10/2015,0
10/11/2015,0
10/12/2015,0
10/13/2015,0
10/14/2015,0
10/15/2015,0
10/16/2015,0
10/17/2015,0
10/18/2015,0
10/19/2015,0
10/20/2015,0
10/21/2015,0
10/22/2015,0
10/23/2015,0
10/24/2015,0
10/25/2015,0
10/26/2015,0
10/27/2015,0
10/28/2015,0
10/29/2015,0
10/30/2015,0
10/31/2015,0
11/1/2015,0
11/2/2015,0
11/3/2015,0
11/4/2015,0
11/5/2015,0
11/6/2015,0
11/7/2015,0
11/8/2015,0
11/9/2015,0
11/10/2015,0
11/11/2015,0
11/12/2015,0
11/13/2015,0
11/14/2015,0
11/15/2015,0
11/16/2015,0
11/17/2015,0
11/18/2015,0
11/19/2015,0
11/20/2015,0
11/21/2015,0
11/22/2015,0
11/23/2015,0
11/24/2015,0
11/25/2015,0
11/26/2015,0
11/27/2015,0
11/28/2015,0
11/29/2015,0
11/30/2015,0
12/1/2015,0
12/2/2015,0
12/3/2015,0
12/4/2015,0
12/5/2015,0
12/6/2015,0
12/7/2015,0
12/8/2015,0
12/9/2015,0
12/10/2015,0
12/11/2015,0
12/12/2015,0
12/13/2015,0
12/14/2015,0
12/15/2015,0
12/16/2015,0
12/17/2015,0
12/18/2015,0
12/19/2015,0
12/20/2015,0
12/21/2015,0
12/22/2015,0
12/23/2015,0
12/24/2015,0
12/25/2015,0
12/26/2015,0
12/27/2015,0
12/28/2015,0
12/29/2015,0
12/30/2015,0
12/31/2015,0
1/1/2016,0
1/2/2016,0
1/3/2016,0
1/4/2016,0
1/5/2016,0
1/6/2016,0
1/7/2016,0
1/8/2016,0
1/9/2016,0
1/10/2016,0
1/11/2016,0
1/12/2016,0
1/13/2016,0
1/14/2016,0
1/15/2016,0
1/16/2016,0
1/17/2016,0
1/18/2016,0
1/19/2016,0
1/20/2016,0
1/21/2016,0
1/22/2016,0
1/23/2016,0
1/24/2016,0
1/25/2016,0
1/26/2016,0
1/27/2016,0
1/28/2016,0
1/29/2016,0
1/30/2016,0
1/31/2016,0
2/1/2016,0
2/2/2016,0
2/3/2016,0
2/4/2016,0
2/5/2016,0
2/6/2016,0
2/7/2016,0
2/8/2016,0
2/9/2016,0
2/10/2016,0
2/11/2016,0
2/12/2016,0
2/13/2016,0
2/14/2016,0
2/15/2016,0
2/16/2016,0
2/17/2016,0
2/18/2016,0
2/19/2016,0
2/20/2016,0
2/21/2016,0
2/22/2016,0
2/23/2016,0
2/24/2016,0
2/25/2016,0
2/26/2016,0
2/27/2016,0
2/28/2016,0
2/29/2016,0
3/1/2016,0
3/2/2016,0
3/3/2016,0
3/4/2016,0
3/5/2016,0
3/6/2016,0
3/7/2016,0
3/8/2016,0
3/9/2016,0
3/10/2016,0
3/11/2016,0
3/12/2016,0
3/13/2016,0
3/14/2016,0
3/15/2016,0
3/16/2016,0
3/17/2016,0
3/18/2016,0
3/19/2016,0
3/20/2016,0
3/21/2016,0
3/22/2016,0
3/23/2016,0
3/24/2016,0
3/25/2016,0
3/26/2016,0
3/27/2016,0
3/28/2016,0
3/29/2016,0
3/30/2016,0
3/31/2016,0
4/1/2016,0
4/2/2016,0
4/3/2016,0
4/4/2016,0
4/5/2016,0
4/6/2016,0
4/7/2016,0
4/8/2016,0
4/9/2016,0
4/10/2016,0
4/11/2016,0
4/12/2016,0
4/13/2016,0
4/14/2016,0
4/15/2016,0
4/16/2016,0
4/17/2016,0
4/18/2016,0
4/19/2016,78.9
4/20/2016,707
4/21/2016,832
4/22/2016,726
4/23/2016,383
4/24/2016,248
4/25/2016,169
4/26/2016,110
4/27/2016,69.5
4/28/2016,45.9
4/29/2016,48.5
4/30/2016,319
5/1/2016,946
5/2/2016,1290
5/3/2016,1280
5/4/2016,1130
5/5/2016,624
5/6/2016,316
5/7/2016,186
5/8/2016,125
5/9/2016,90.2
5/10/2016,66.9
5/11/2016,52.9
5/12/2016,44.7
5/13/2016,39.4
5/14/2016,34.9
5/15/2016,32.2
5/16/2016,30.3
5/17/2016,29.1
5/18/2016,24.7
5/19/2016,21.3
5/20/2016,17.2
5/21/2016,13.6
5/22/2016,10.5
5/23/2016,7.97
5/24/2016,7.22
5/25/2016,29.8
5/26/2016,37.5
5/27/2016,40.1
5/28/2016,48
5/29/2016,48.2
5/30/2016,54.3
5/31/2016,59.9
6/1/2016,48.1
6/2/2016,38.1
6/3/2016,32.3
6/4/2016,36.3
6/5/2016,88.2
6/6/2016,70.3
6/7/2016,50.8
6/8/2016,40.1
6/9/2016,33.3
6/10/2016,27.6
6/11/2016,21.6
6/12/2016,16.5
6/13/2016,13.4
6/14/2016,9.88
6/15/2016,6.84
6/16/2016,4.63
6/17/2016,3.2
6/18/2016,12.7
6/19/2016,3.04
6/20/2016,1.75
6/21/2016,1.2
6/22/2016,0.61
6/23/2016,0.56
6/24/2016,0.9
6/25/2016,1
6/26/2016,4.51
6/27/2016,2.86
6/28/2016,7.42
6/29/2016,55.1
6/30/2016,44.1
7/1/2016,42.8
7/2/2016,713
7/3/2016,3150
7/4/2016,4350
7/5/2016,4280
7/6/2016,4010
7/7/2016,3760
7/8/2016,2670
7/9/2016,1310
7/10/2016,695
7/11/2016,490
7/12/2016,370
7/13/2016,292
7/14/2016,243
7/15/2016,194
7/16/2016,160
7/17/2016,137
7/18/2016,120
7/19/2016,106
7/20/2016,103
7/21/2016,96.7
7/22/2016,117
7/23/2016,105
7/24/2016,89.1
7/25/2016,89.5
7/26/2016,157
7/27/2016,147
7/28/2016,108
7/29/2016,367
7/30/2016,281
7/31/2016,156
8/1/2016,106
8/2/2016,83.4
8/3/2016,69
8/4/2016,61.4
8/5/2016,58.6
8/6/2016,53.1
8/7/2016,53.8
8/8/2016,49.4
8/9/2016,47.3
8/10/2016,78.2
8/11/2016,136
8/12/2016,104
8/13/2016,77.2
8/14/2016,71.1
8/15/2016,61.1
8/16/2016,50.1
8/17/2016,43.7
8/18/2016,38.6
8/19/2016,35.1
8/20/2016,32.7
8/21/2016,30
8/22/2016,28
8/23/2016,24.3
8/24/2016,22.7
8/25/2016,28.7
8/26/2016,26.3
8/27/2016,24.1
8/28/2016,21.8
8/29/2016,21.7
8/30/2016,21.9
8/31/2016,30.3
9/1/2016,64.5
9/2/2016,49.5
9/3/2016,39.3
9/4/2016,34.9
9/5/2016,31.2
9/6/2016,27.2
9/7/2016,22.4
9/8/2016,19.6
9/9/2016,17.6
9/10/2016,14.5
9/11/2016,13.2
9/12/2016,11.7
9/13/2016,10.5
9/14/2016,10.1
9/15/2016,9.76
9/16/2016,9.17
9/17/2016,8.7
9/18/2016,8.18
9/19/2016,6.81
9/20/2016,6.09
9/21/2016,5.56
9/22/2016,5.33
9/23/2016,5.01
9/24/2016,6.34
9/25/2016,6.24
9/26/2016,4.33
9/27/2016,4.41
9/28/2016,3.77
9/29/2016,3.09
